2011 census qs601ew - economic activity,,,,,,,,,,,,,,,,
ONS Crown Copyright Reserved [from Nomis on 13 April 2013],,,,,,,,,,,,,,,,
,,,,,,,,,,,,,,,,
population,All usual residents aged 16 to 74,,,,,,,,,,,,,,,
units,Persons,,,,,,,,,,,,,,,
date,2011,,,,,,,,,,,,,,,
,,,,,,,,,,,,,,,,
Area,All categories: Economic activity,Active: Total,Active: Employee: Part-time,Active: Employee: Full-time,Active: Self-employed with employees: Part-time,Active: Self-employed with employees: Full-time,Active: Self-employed without employees: Part-time,Active: Self-employed without employees: Full-time,Active: Unemployed,Active: Full-time student,Inactive: Total,Inactive: Retired,Inactive: Student (including full-time students),Inactive: Looking after home or family,Inactive: Long-term sick or disabled,Inactive: Other
uacounty09:Darlington,"76,635","53,443","11,555","30,337",234,"1,254","1,289","2,818","4,002","1,954","23,192","12,214","2,742","3,081","3,737","1,418"
uacounty09:County Durham,"383,796","247,101","50,595","143,922","1,052","5,717","5,799","12,741","17,013","10,262","136,695","65,444","23,837","14,190","24,887","8,337"
uacounty09:Hartlepool,"66,804","43,513","10,092","22,635",212,846,892,"1,855","5,194","1,787","23,291","10,621","3,042","3,265","4,733","1,630"
uacounty09:Middlesbrough,"100,551","63,582","15,063","31,301",300,"1,068","1,331","2,472","7,631","4,416","36,969","13,922","7,453","5,569","6,841","3,184"
uacounty09:Northumberland,"233,224","158,268","34,368","86,380",993,"5,351","5,151","10,568","10,329","5,128","74,956","43,897","8,108","8,368","10,321","4,262"
uacounty09:Redcar and Cleveland,"99,177","63,530","15,322","33,372",285,"1,235","1,436","2,908","6,533","2,439","35,647","19,206","4,142","4,361","5,869","2,069"
uacounty09:Stockton-on-Tees,"140,654","96,259","22,070","52,927",410,"2,017","2,119","4,395","8,075","4,246","44,395","20,767","7,277","5,911","6,861","3,579"
uacounty09:Gateshead,"148,079","100,184","21,023","58,988",351,"1,887","2,059","4,509","7,419","3,948","47,895","23,531","6,832","5,670","8,844","3,018"
uacounty09:Newcastle upon Tyne,"212,864","133,848","25,835","69,811",675,"3,017","3,204","6,236","10,652","14,418","79,016","24,571","29,253","8,868","11,509","4,815"
uacounty09:North Tyneside,"147,889","104,242","21,815","61,349",354,"2,074","2,274","4,933","7,304","4,139","43,647","23,497","5,310","5,048","7,354","2,438"
uacounty09:South Tyneside,"108,981","72,645","15,480","40,838",289,"1,379","1,287","2,993","7,145","3,234","36,336","17,355","4,611","4,696","7,234","2,440"
uacounty09:Sunderland,"205,552","135,467","29,186","75,899",586,"2,529","2,788","5,574","12,016","6,889","70,085","32,215","10,778","8,666","14,084","4,342"
uacounty09:Blackburn with Darwen,"104,417","67,033","14,535","35,597",520,"1,703","2,050","3,724","5,575","3,329","37,384","13,248","6,065","7,061","7,378","3,632"
uacounty09:Blackpool,"103,813","68,540","14,836","34,230",349,"1,646","2,415","5,550","6,337","3,177","35,273","16,807","3,809","3,943","8,228","2,486"
uacounty09:Cheshire East,"270,953","191,253","38,940","106,863","1,205","6,533","7,713","13,605","8,742","7,652","79,700","46,446","11,341","9,591","8,327","3,995"
uacounty09:Cheshire West and Chester,"243,155","170,778","36,206","95,642",887,"4,729","5,711","10,529","8,949","8,125","72,377","39,893","10,746","8,620","9,574","3,544"
uacounty09:Halton,"92,708","63,411","13,102","37,219",194,"1,056","1,230","2,940","5,151","2,519","29,297","13,332","3,858","3,900","6,451","1,756"
uacounty09:Warrington,"149,461","107,765","21,782","63,875",472,"2,389","2,886","5,870","5,961","4,530","41,696","22,189","5,441","4,917","6,063","3,086"
uacounty09:Cumbria,"368,880","257,155","59,570","136,835","1,712","8,864","8,784","19,874","12,346","9,170","111,725","66,857","11,492","11,015","16,547","5,814"
uacounty09:Bolton,"200,723","134,933","27,798","74,631",839,"3,394","4,086","8,029","9,913","6,243","65,790","29,514","10,318","9,504","11,574","4,880"
uacounty09:Bury,"134,687","94,680","19,118","53,953",533,"2,539","3,129","6,019","5,769","3,620","40,007","19,558","6,074","5,168","6,596","2,611"
uacounty09:Manchester,"382,932","243,224","41,535","128,930","1,099","4,060","6,794","11,675","21,880","27,251","139,708","29,179","53,999","18,697","25,161","12,672"
uacounty09:Oldham,"159,765","106,398","22,171","58,410",659,"2,581","3,047","6,147","8,661","4,722","53,367","22,426","8,135","9,038","9,209","4,559"
uacounty09:Rochdale,"152,742","101,003","20,101","55,604",629,"2,436","2,982","6,069","9,047","4,135","51,739","20,853","8,025","7,838","10,446","4,577"
uacounty09:Salford,"173,117","118,130","21,676","67,966",414,"2,114","2,616","6,228","9,041","8,075","54,987","20,950","10,093","7,021","11,915","5,008"
uacounty09:Stockport,"205,310","146,296","29,946","83,049",752,"4,049","4,888","9,975","8,002","5,635","59,014","31,395","8,674","7,139","8,527","3,279"
uacounty09:Tameside,"161,459","111,016","21,377","65,546",470,"2,200","2,757","6,595","8,052","4,019","50,443","23,682","6,865","6,443","9,970","3,483"
uacounty09:Trafford,"162,806","118,064","22,799","68,201",657,"3,416","4,132","7,649","6,136","5,074","44,742","21,729","7,200","6,426","6,499","2,888"
uacounty09:Wigan,"236,495","162,781","32,880","94,703",640,"3,324","4,016","9,465","11,483","6,270","73,714","38,211","8,293","8,302","14,652","4,256"
uacounty09:Lancashire,"859,130","585,190","121,611","322,746","3,316","16,965","18,960","37,916","32,261","31,415","273,940","138,771","46,051","30,492","41,318","17,308"
uacounty09:Knowsley,"106,155","69,617","15,173","38,065",208,"1,083","1,386","3,541","6,926","3,235","36,538","14,415","5,127","4,822","9,333","2,841"
uacounty09:Liverpool,"356,876","226,270","44,816","116,778",865,"4,092","4,825","10,894","23,980","20,020","130,606","41,070","36,781","13,683","28,453","10,619"
uacounty09:Sefton,"198,197","133,012","29,799","71,019",638,"3,430","3,995","8,204","9,708","6,219","65,185","34,329","8,676","6,705","11,612","3,863"
uacounty09:St. Helens,"129,584","86,121","18,169","49,968",330,"1,679","1,766","4,246","6,640","3,323","43,463","22,144","5,294","4,971","8,638","2,416"
uacounty09:Wirral,"230,851","153,240","34,513","83,696",725,"3,839","4,424","8,346","11,939","5,758","77,611","38,761","10,491","9,046","14,724","4,589"
uacounty09:East Riding of Yorkshire,"245,594","168,860","37,856","90,761","1,087","6,040","5,863","11,844","8,795","6,614","76,734","47,790","9,149","7,849","7,720","4,226"
"uacounty09:Kingston upon Hull, City of","190,610","128,130","28,041","68,035",418,"1,808","2,352","5,236","15,296","6,944","62,480","23,025","13,243","9,482","11,524","5,206"
uacounty09:North East Lincolnshire,"115,823","79,227","19,086","42,039",306,"1,581","1,763","3,834","7,486","3,132","36,596","18,018","4,825","5,635","5,612","2,506"
uacounty09:North Lincolnshire,"122,329","84,668","18,768","48,278",413,"2,031","2,163","4,262","5,869","2,884","37,661","20,296","4,569","5,433","5,151","2,212"
uacounty09:York,"149,789","104,945","22,487","57,032",453,"2,391","3,252","6,232","4,582","8,516","44,844","20,688","14,387","4,107","3,678","1,984"
uacounty09:North Yorkshire,"436,806","314,100","66,097","166,951","2,385","13,167","13,016","28,181","13,274","11,029","122,706","75,620","14,292","14,434","12,113","6,247"
uacounty09:Barnsley,"170,405","113,306","24,807","62,841",515,"2,639","2,863","7,086","8,738","3,817","57,099","28,008","6,225","7,435","11,925","3,506"
uacounty09:Doncaster,"220,877","147,770","33,112","80,998",734,"3,305","3,941","8,216","12,697","4,767","73,107","34,110","8,765","10,746","12,958","6,528"
uacounty09:Rotherham,"187,959","125,899","28,830","68,860",598,"2,839","3,244","7,313","9,821","4,394","62,060","31,117","7,405","8,864","10,614","4,060"
uacounty09:Sheffield,"411,004","270,239","56,868","140,933","1,216","5,503","7,835","15,467","19,626","22,791","140,765","52,941","44,212","16,682","18,418","8,512"
uacounty09:Bradford,"366,217","243,727","52,795","125,745","1,725","6,199","8,721","14,828","21,224","12,490","122,490","43,961","23,311","24,487","18,176","12,555"
uacounty09:Calderdale,"148,766","104,893","21,923","57,617",585,"2,837","3,650","6,999","7,394","3,888","43,873","22,405","6,156","5,844","6,510","2,958"
uacounty09:Kirklees,"307,194","209,514","44,638","112,199","1,413","5,679","7,070","13,332","14,465","10,718","97,680","44,027","17,593","15,227","13,504","7,329"
uacounty09:Leeds,"560,849","389,929","73,507","217,528","1,789","8,318","10,731","21,460","26,786","29,810","170,920","69,446","46,047","20,435","22,498","12,494"
uacounty09:Wakefield,"240,997","164,768","35,763","95,559",719,"3,494","3,960","8,531","11,702","5,040","76,229","38,721","8,474","9,554","14,092","5,388"
uacounty09:Derby,"179,291","123,691","26,310","68,979",486,"2,027","3,127","6,017","9,297","7,448","55,600","22,925","11,237","8,595","8,574","4,269"
uacounty09:Leicester,"242,232","156,425","33,341","80,780",751,"2,757","3,699","6,814","14,982","13,301","85,807","22,435","27,604","15,035","12,397","8,336"
uacounty09:Nottingham,"232,072","142,327","27,605","72,252",573,"2,147","3,575","6,709","14,775","14,691","89,745","21,144","37,733","10,854","13,161","6,853"
uacounty09:Rutland,"27,052","18,758","3,847","10,314",155,710,976,"1,507",643,606,"8,294","4,579","1,568",878,463,806
uacounty09:Derbyshire,"567,798","397,053","86,622","221,973","1,987","10,413","13,173","27,199","22,206","13,480","170,745","95,875","20,422","20,778","24,687","8,983"
uacounty09:Leicestershire,"479,462","342,139","70,396","195,058","1,844","9,821","11,820","23,577","14,534","15,089","137,323","73,264","29,200","15,363","12,666","6,830"
uacounty09:Lincolnshire,"524,197","357,652","75,973","196,958","1,999","10,354","12,485","24,843","20,035","15,005","166,545","95,106","20,830","20,749","21,076","8,784"
uacounty09:Northamptonshire,"506,174","372,720","70,097","219,562","1,673","9,176","11,349","25,328","20,078","15,457","133,454","68,299","19,649","19,466","16,900","9,140"
uacounty09:Nottinghamshire,"578,254","401,265","86,589","227,198","2,040","10,262","12,353","24,935","22,745","15,143","176,989","95,255","23,698","21,883","25,340","10,813"
"uacounty09:Herefordshire, County of","133,442","95,114","20,345","48,094",682,"3,656","4,683","10,130","4,353","3,171","38,328","22,149","4,845","4,636","4,600","2,098"
uacounty09:Shropshire,"223,892","158,983","34,760","83,106","1,126","6,130","6,852","14,427","7,350","5,232","64,909","37,833","8,764","7,529","7,237","3,546"
uacounty09:Stoke-on-Trent,"182,808","119,743","24,732","67,097",528,"2,127","2,823","5,962","9,715","6,759","63,065","26,108","10,260","8,553","13,223","4,921"
uacounty09:Telford and Wrekin,"122,279","84,947","16,530","50,567",293,"1,724","2,134","4,437","5,806","3,456","37,332","16,798","6,213","5,923","6,001","2,397"
uacounty09:Staffordshire,"629,358","439,182","92,188","248,271","2,290","12,177","13,435","29,877","22,661","18,283","190,176","104,794","28,007","22,191","23,657","11,527"
uacounty09:Warwickshire,"401,630","288,343","56,523","166,704","1,485","7,664","10,506","20,246","13,910","11,305","113,287","61,205","19,880","13,783","12,413","6,006"
uacounty09:Birmingham,"760,252","488,221","96,186","251,668","2,970","9,718","15,221","24,916","54,114","33,428","272,031","81,213","74,102","48,771","39,917","28,028"
uacounty09:Coventry,"231,871","153,745","29,800","84,624",549,"2,574","3,659","7,558","12,532","12,449","78,126","27,790","24,219","10,049","10,487","5,581"
uacounty09:Dudley,"226,726","155,530","33,987","86,654",618,"3,051","4,219","9,191","12,064","5,746","71,196","36,619","9,636","10,355","10,060","4,526"
uacounty09:Sandwell,"219,508","146,653","29,779","81,339",653,"2,508","3,272","6,787","16,049","6,266","72,855","28,582","11,728","12,859","12,679","7,007"
uacounty09:Solihull,"148,360","105,108","21,701","59,212",599,"2,944","3,363","6,767","6,304","4,218","43,252","24,019","6,496","5,506","4,949","2,282"
uacounty09:Walsall,"191,974","126,805","26,934","67,743",672,"2,891","3,168","7,260","13,006","5,131","65,169","28,865","9,544","11,220","9,974","5,566"
uacounty09:Wolverhampton,"179,983","120,402","24,364","63,981",525,"2,269","2,680","5,910","14,127","6,546","59,581","23,763","11,036","9,479","9,765","5,538"
uacounty09:Worcestershire,"415,036","296,083","61,898","162,811","1,632","8,666","11,534","22,190","15,424","11,928","118,953","66,567","17,126","14,474","13,527","7,259"
uacounty09:Bedford,"113,764","81,782","15,841","45,943",431,"2,107","2,815","5,473","5,060","4,112","31,982","14,517","6,231","4,918","3,749","2,567"
uacounty09:Central Bedfordshire,"186,658","139,525","26,069","81,304",678,"3,678","4,981","11,135","6,443","5,237","47,133","25,111","7,768","7,346","4,409","2,499"
uacounty09:Luton,"145,208","100,272","18,407","53,271",635,"2,136","2,948","6,479","8,337","8,059","44,936","14,336","10,703","9,660","5,496","4,741"
uacounty09:Peterborough,"132,318","95,646","18,654","56,704",438,"1,946","2,627","5,001","6,691","3,585","36,672","15,323","5,104","7,270","5,484","3,491"
uacounty09:Southend-on-Sea,"125,007","88,324","17,949","47,972",451,"2,168","3,348","6,834","6,209","3,393","36,683","17,655","4,769","6,298","5,311","2,650"
uacounty09:Thurrock,"114,124","84,464","16,370","48,620",347,"1,750","2,091","5,973","6,190","3,123","29,660","13,377","3,987","5,903","4,037","2,356"
uacounty09:Cambridgeshire,"461,380","332,195","61,890","196,394","1,582","8,485","12,343","22,940","13,775","14,786","129,185","58,816","33,690","17,055","12,220","7,404"
uacounty09:Essex,"1,011,611","719,430","145,817","395,312","3,917","20,667","27,804","60,088","38,074","27,751","292,181","155,639","40,372","47,562","31,887","16,721"
uacounty09:Hertfordshire,"806,213","598,438","109,693","341,147","3,164","16,797","25,369","47,964","28,301","26,003","207,775","96,720","40,850","36,518","20,236","13,451"
uacounty09:Norfolk,"623,798","424,732","94,006","225,180","2,304","11,990","17,018","33,140","23,678","17,416","199,066","111,739","25,667","25,902","24,187","11,571"
uacounty09:Suffolk,"525,463","373,282","82,248","204,527","2,096","9,935","14,854","27,321","18,873","13,428","152,181","86,545","17,006","22,120","16,484","10,026"
uacounty09:Camden,"173,833","118,397","13,727","66,955",800,"4,333","6,542","11,629","7,755","6,656","55,436","11,908","22,734","7,874","7,663","5,257"
uacounty09:City of London,"6,307","4,972",360,"3,245",32,281,213,510,187,144,"1,335",580,363,153,116,123
uacounty09:Hackney,"187,423","133,883","21,394","68,680",935,"3,056","6,434","12,868","13,207","7,309","53,540","10,441","16,455","9,262","9,788","7,594"
uacounty09:Hammersmith and Fulham,"145,552","107,754","11,073","66,703",607,"3,078","4,927","9,252","7,060","5,054","37,798","9,135","11,919","6,645","5,670","4,429"
uacounty09:Haringey,"193,062","138,189","21,601","70,472",983,"3,849","8,266","13,715","11,730","7,573","54,873","13,391","15,945","9,604","8,448","7,485"
uacounty09:Islington,"165,149","117,488","13,596","69,852",552,"3,196","4,834","10,295","8,960","6,203","47,661","10,204","16,458","6,611","8,707","5,681"
uacounty09:Kensington and Chelsea,"126,080","87,517","8,583","51,211",808,"4,604","5,215","8,777","5,433","2,886","38,563","10,119","11,031","7,740","4,503","5,170"
uacounty09:Lambeth,"237,730","183,190","22,530","110,465",861,"3,860","7,225","14,882","14,255","9,112","54,540","13,265","16,062","8,411","9,068","7,734"
uacounty09:Lewisham,"206,255","151,793","24,079","82,776",813,"3,293","6,286","11,658","12,776","10,112","54,462","15,088","15,018","9,179","8,779","6,398"
uacounty09:Newham,"228,958","153,761","26,408","70,712","1,256","3,537","6,035","10,914","15,734","19,165","75,197","13,211","24,959","16,510","9,728","10,789"
uacounty09:Southwark,"224,551","163,859","22,225","94,675",762,"3,513","6,036","12,075","13,484","11,089","60,692","12,940","22,256","8,438","9,653","7,405"
uacounty09:Tower Hamlets,"196,552","137,233","18,852","78,031",906,"2,450","4,116","8,864","13,259","10,755","59,319","9,262","19,407","13,809","8,893","7,948"
uacounty09:Wandsworth,"243,533","189,789","18,968","123,965",881,"5,239","7,883","15,532","9,311","8,010","53,744","15,140","14,599","10,424","7,027","6,554"
uacounty09:Westminster,"175,505","120,418","12,606","72,899",996,"4,942","5,520","10,568","7,941","4,946","55,087","12,010","17,835","9,521","8,492","7,229"
uacounty09:Barking and Dagenham,"127,568","86,404","15,608","44,490",506,"1,883","3,009","6,023","9,367","5,518","41,164","10,995","9,485","9,476","6,459","4,749"
uacounty09:Barnet,"258,443","184,483","30,478","93,174","1,681","7,842","11,843","18,924","11,476","9,065","73,960","22,967","21,112","14,277","7,885","7,719"
uacounty09:Bexley,"165,914","118,864","23,072","66,838",532,"2,688","3,648","9,508","7,245","5,333","47,050","21,839","9,177","7,696","4,943","3,395"
uacounty09:Brent,"233,726","163,991","25,702","83,772","1,429","5,185","8,070","15,320","13,535","10,978","69,735","18,619","19,919","13,035","9,119","9,043"
uacounty09:Bromley,"222,539","161,282","29,012","91,506",967,"4,844","7,039","13,740","8,668","5,506","61,257","29,656","10,635","10,614","6,057","4,295"
uacounty09:Croydon,"263,048","190,308","33,112","105,621","1,082","4,685","7,169","14,084","14,512","10,043","72,740","26,079","16,641","13,265","9,272","7,483"
uacounty09:Ealing,"252,764","180,615","25,882","100,465","1,191","4,847","8,810","16,305","13,158","9,957","72,149","20,905","18,771","14,552","9,134","8,787"
uacounty09:Enfield,"224,024","153,334","29,134","77,326","1,368","4,702","6,993","12,078","13,192","8,541","70,690","22,062","17,187","13,464","9,242","8,735"
uacounty09:Greenwich,"186,722","132,073","20,697","71,844",702,"3,175","4,687","9,741","11,518","9,709","54,649","15,695","13,957","9,577","8,621","6,799"
uacounty09:Harrow,"174,751","123,307","21,423","65,492",985,"4,474","5,717","10,943","7,854","6,419","51,444","18,189","13,417","9,580","5,105","5,153"
uacounty09:Havering,"171,128","121,642","23,479","67,989",659,"3,094","4,096","10,129","7,627","4,569","49,486","24,404","7,944","8,374","5,407","3,357"
uacounty09:Hillingdon,"199,926","141,542","23,706","80,835",729,"3,402","4,704","9,812","8,693","9,661","58,384","20,310","16,788","10,311","5,886","5,089"
uacounty09:Hounslow,"190,157","137,867","20,588","79,763",878,"3,451","5,500","10,562","8,815","8,310","52,290","15,843","12,769","11,167","6,502","6,009"
uacounty09:Kingston upon Thames,"119,673","87,348","13,588","49,530",524,"2,357","3,961","7,166","3,850","6,372","32,325","11,281","10,305","5,616","2,664","2,459"
uacounty09:Merton,"149,598","112,038","16,484","65,877",659,"3,091","5,072","9,721","6,072","5,062","37,560","12,903","9,150","7,912","3,741","3,854"
uacounty09:Redbridge,"199,544","137,776","23,948","71,627","1,188","4,843","6,144","11,262","10,590","8,174","61,768","19,026","16,199","13,137","6,548","6,858"
uacounty09:Richmond upon Thames,"137,779","104,090","14,207","61,511",648,"3,632","6,240","9,947","4,153","3,752","33,689","13,794","7,383","6,979","2,802","2,731"
uacounty09:Sutton,"138,710","103,995","18,502","60,111",600,"2,635","3,981","8,603","5,429","4,134","34,715","15,461","6,454","6,238","3,904","2,658"
uacounty09:Waltham Forest,"190,978","135,015","21,889","69,385","1,033","3,371","6,509","12,777","11,654","8,397","55,963","15,335","15,209","11,429","7,166","6,824"
uacounty09:Bracknell Forest,"83,116","65,137","11,066","40,762",225,"1,249","2,112","4,581","2,808","2,334","17,979","8,496","3,007","3,450","1,770","1,256"
uacounty09:Brighton and Hove,"210,792","150,853","27,492","75,999",884,"4,191","7,985","14,181","7,818","12,303","59,939","19,625","20,567","7,249","8,813","3,685"
uacounty09:Isle of Wight,"99,747","64,218","15,728","30,353",476,"2,111","3,293","5,673","4,386","2,198","35,529","20,478","3,661","3,933","4,504","2,953"
uacounty09:Medway,"194,158","137,954","27,137","77,912",543,"2,731","3,692","9,910","9,469","6,560","56,204","24,738","9,912","10,105","7,334","4,115"
uacounty09:Milton Keynes,"181,385","137,717","23,644","84,004",537,"2,598","3,938","8,658","8,640","5,698","43,668","18,654","7,143","8,338","5,810","3,723"
uacounty09:Portsmouth,"153,705","105,834","20,626","57,743",376,"2,016","2,483","6,676","6,536","9,378","47,871","16,385","16,380","6,297","5,813","2,996"
uacounty09:Reading,"116,808","86,329","13,883","52,054",238,"1,388","2,283","5,329","5,329","5,825","30,479","10,001","9,297","5,334","3,227","2,620"
uacounty09:Slough,"100,458","73,819","11,886","43,610",388,"1,398","2,494","4,646","5,440","3,957","26,639","7,517","5,813","6,555","3,388","3,366"
uacounty09:Southampton,"180,201","123,193","22,856","68,082",450,"2,027","2,965","7,522","7,631","11,660","57,008","17,775","20,857","7,449","7,330","3,597"
uacounty09:West Berkshire,"112,054","85,401","15,567","51,084",369,"2,286","3,416","6,620","3,279","2,780","26,653","14,094","3,799","4,769","2,420","1,571"
uacounty09:Windsor and Maidenhead,"104,247","77,650","12,727","46,337",464,"2,280","3,685","6,474","3,292","2,391","26,597","13,366","4,598","5,016","1,834","1,783"
uacounty09:Wokingham,"112,273","84,912","15,282","51,260",385,"2,052","3,403","6,241","2,958","3,331","27,361","14,976","4,441","4,799","1,742","1,403"
uacounty09:Buckinghamshire,"363,773","267,881","48,249","151,064","1,697","8,549","13,539","23,290","10,887","10,606","95,892","48,349","16,339","17,245","7,360","6,599"
uacounty09:East Sussex,"374,518","254,952","55,152","125,533","1,707","8,323","14,214","26,000","13,503","10,520","119,566","66,736","14,879","15,665","15,388","6,898"
uacounty09:Hampshire,"954,975","699,397","139,162","403,763","3,331","17,309","27,288","51,518","28,508","28,518","255,578","144,936","34,057","37,867","24,979","13,739"
uacounty09:Kent,"1,055,397","737,908","149,177","399,625","4,048","21,135","29,898","59,600","41,541","32,884","317,489","159,127","50,767","49,761","37,471","20,363"
uacounty09:Oxfordshire,"482,238","350,119","64,450","205,466","1,742","9,136","14,641","24,900","13,103","16,681","132,119","57,079","38,179","17,972","10,553","8,336"
uacounty09:Surrey,"817,272","601,791","106,283","344,923","3,600","18,477","29,551","50,858","22,772","25,327","215,481","105,585","40,897","38,200","16,744","14,055"
uacounty09:West Sussex,"577,224","416,119","85,566","228,254","2,274","11,374","19,279","34,372","18,331","16,669","161,105","91,376","20,056","23,515","16,915","9,243"
uacounty09:Bath and North East Somerset,"130,550","89,752","18,818","46,367",526,"2,506","4,158","7,116","3,548","6,713","40,798","17,896","13,209","4,289","3,610","1,794"
uacounty09:Bournemouth,"137,574","96,017","18,289","51,149",513,"2,374","3,646","7,433","5,262","7,351","41,557","16,837","11,098","4,887","6,176","2,559"
"uacounty09:Bristol, City of","321,506","227,119","42,980","127,829",909,"4,352","7,308","14,537","13,817","15,387","94,387","31,534","28,932","12,556","13,973","7,392"
uacounty09:Cornwall,"388,858","259,484","59,778","123,195","1,967","10,229","14,046","26,771","12,694","10,804","129,374","73,605","16,726","15,517","16,980","6,546"
uacounty09:Isles of Scilly,"1,622","1,331",220,653,17,124,82,210,18,7,291,209,13,26,14,29
uacounty09:North Somerset,"145,352","102,607","23,117","55,596",527,"2,957","4,172","7,770","4,350","4,118","42,745","25,366","4,591","5,082","5,607","2,099"
uacounty09:Plymouth,"191,786","127,742","28,356","69,234",529,"2,429","3,245","6,913","8,136","8,900","64,044","27,019","16,060","7,482","10,042","3,441"
uacounty09:Poole,"106,391","75,720","16,215","42,040",427,"1,951","2,950","5,560","3,413","3,164","30,671","17,178","4,008","4,338","3,486","1,661"
uacounty09:South Gloucestershire,"192,468","143,198","31,453","82,489",584,"3,131","4,158","9,274","5,354","6,755","49,270","27,390","7,885","6,244","4,872","2,879"
uacounty09:Swindon,"154,080","117,039","22,137","71,912",329,"2,027","2,891","6,814","6,518","4,411","37,041","17,868","4,895","6,301","5,271","2,706"
uacounty09:Torbay,"94,000","61,795","14,782","29,537",421,"1,999","2,683","5,644","4,275","2,454","32,205","18,416","3,032","3,624","5,454","1,679"
uacounty09:Wiltshire,"339,595","250,792","50,806","143,218","1,269","6,965","10,635","19,233","9,999","8,667","88,803","49,893","11,119","13,554","9,102","5,135"
uacounty09:Devon,"541,219","371,847","84,667","181,896","2,738","14,146","20,126","37,542","15,256","15,476","169,372","98,590","25,369","18,374","18,222","8,817"
uacounty09:Dorset,"293,441","199,943","46,265","101,952","1,402","6,747","10,334","18,249","7,986","7,008","93,498","59,463","9,336","10,556","9,080","5,063"
uacounty09:Gloucestershire,"437,088","316,633","65,427","174,614","1,685","8,976","13,602","24,596","14,232","13,501","120,455","64,968","19,114","16,240","13,326","6,807"
uacounty09:Somerset,"381,185","269,768","60,626","141,278","1,561","8,545","12,705","23,971","11,350","9,732","111,417","64,972","13,422","13,935","13,317","5,771"
uacounty09:Anglesey,"50,818","33,023","6,949","17,274",247,"1,134","1,157","2,662","2,381","1,219","17,795","10,150","2,266","1,891","2,592",896
uacounty09:Gwynedd,"88,913","57,995","12,300","27,834",373,"2,464","2,326","5,766","3,176","3,756","30,918","14,561","7,814","3,062","3,867","1,614"
uacounty09:Conwy,"81,906","53,792","12,398","26,697",346,"2,077","1,948","4,773","3,362","2,191","28,114","16,178","3,453","2,684","4,363","1,436"
uacounty09:Denbighshire,"67,676","44,409","9,696","23,121",265,"1,587","1,518","3,601","2,857","1,764","23,267","12,487","3,239","2,314","4,088","1,139"
uacounty09:Flintshire,"112,325","78,957","16,875","45,785",372,"1,844","2,052","4,611","4,332","3,086","33,368","18,839","4,240","3,858","4,829","1,602"
uacounty09:Wrexham,"98,691","68,413","14,567","39,011",316,"1,740","1,692","3,797","4,128","3,162","30,278","14,983","4,409","3,799","5,269","1,818"
uacounty09:Powys,"96,069","66,846","13,955","31,210",482,"3,109","3,399","9,715","2,928","2,048","29,223","17,283","3,539","3,036","3,926","1,439"
uacounty09:Ceredigion,"57,405","35,064","6,612","15,161",218,"1,587","1,776","4,677","1,469","3,564","22,341","9,550","7,835","1,610","2,521",825
uacounty09:Pembrokeshire,"88,049","58,120","13,507","27,231",449,"2,675","2,652","6,087","3,555","1,964","29,929","16,505","3,311","3,766","4,693","1,654"
uacounty09:Carmarthenshire,"132,930","86,217","18,475","44,839",498,"2,952","2,955","8,237","4,962","3,299","46,713","24,097","5,992","5,007","9,055","2,562"
uacounty09:Swansea,"176,971","111,460","25,141","59,606",558,"2,708","2,858","5,542","6,831","8,216","65,511","27,684","15,342","6,565","12,146","3,774"
uacounty09:Neath Port Talbot,"102,986","64,110","14,335","36,977",268,"1,257","1,368","3,015","4,630","2,260","38,876","17,837","4,397","4,446","9,839","2,357"
uacounty09:Bridgend,"102,805","66,449","14,633","38,066",272,"1,495","1,556","3,411","4,687","2,329","36,356","17,204","4,228","3,986","7,899","3,039"
uacounty09:The Vale of Glamorgan,"91,816","63,384","13,657","34,955",375,"2,039","2,101","4,016","3,956","2,285","28,432","14,912","4,235","3,362","4,414","1,509"
uacounty09:Cardiff,"260,268","174,753","32,468","97,170",750,"3,901","4,622","9,044","11,566","15,232","85,515","27,061","28,383","10,403","13,477","6,191"
"uacounty09:Rhondda, Cynon, Taff","172,047","108,730","23,068","61,225",402,"2,423","2,181","6,027","8,104","5,300","63,317","27,595","9,914","7,007","14,854","3,947"
uacounty09:Merthyr Tydfil,"43,377","27,833","5,913","15,882",111,592,501,"1,286","2,481","1,067","15,544","6,690","2,078","1,678","4,107",991
uacounty09:Caerphilly,"130,950","84,932","17,292","50,160",342,"1,842","1,657","4,061","6,731","2,847","46,018","21,032","5,869","5,645","10,731","2,741"
uacounty09:Blaenau Gwent,"51,809","32,145","6,763","18,147",132,586,522,"1,366","3,557","1,072","19,664","8,709","2,245","2,312","4,995","1,403"
uacounty09:Torfaen,"66,107","43,820","9,535","25,574",177,854,793,"2,032","3,163","1,692","22,287","11,115","2,662","2,897","4,410","1,203"
uacounty09:Monmouthshire,"66,107","45,272","9,352","24,246",293,"1,648","2,001","4,014","2,217","1,501","20,835","11,640","2,838","2,426","2,646","1,285"
uacounty09:Newport,"105,141","71,011","15,531","39,177",318,"1,593","1,615","3,368","5,616","3,793","34,130","15,389","5,591","4,642","6,039","2,469"
ualad09:Darlington,"76,635","53,443","11,555","30,337",234,"1,254","1,289","2,818","4,002","1,954","23,192","12,214","2,742","3,081","3,737","1,418"
ualad09:County Durham,"383,796","247,101","50,595","143,922","1,052","5,717","5,799","12,741","17,013","10,262","136,695","65,444","23,837","14,190","24,887","8,337"
ualad09:Hartlepool,"66,804","43,513","10,092","22,635",212,846,892,"1,855","5,194","1,787","23,291","10,621","3,042","3,265","4,733","1,630"
ualad09:Middlesbrough,"100,551","63,582","15,063","31,301",300,"1,068","1,331","2,472","7,631","4,416","36,969","13,922","7,453","5,569","6,841","3,184"
ualad09:Northumberland,"233,224","158,268","34,368","86,380",993,"5,351","5,151","10,568","10,329","5,128","74,956","43,897","8,108","8,368","10,321","4,262"
ualad09:Redcar and Cleveland,"99,177","63,530","15,322","33,372",285,"1,235","1,436","2,908","6,533","2,439","35,647","19,206","4,142","4,361","5,869","2,069"
ualad09:Stockton-on-Tees,"140,654","96,259","22,070","52,927",410,"2,017","2,119","4,395","8,075","4,246","44,395","20,767","7,277","5,911","6,861","3,579"
ualad09:Gateshead,"148,079","100,184","21,023","58,988",351,"1,887","2,059","4,509","7,419","3,948","47,895","23,531","6,832","5,670","8,844","3,018"
ualad09:Newcastle upon Tyne,"212,864","133,848","25,835","69,811",675,"3,017","3,204","6,236","10,652","14,418","79,016","24,571","29,253","8,868","11,509","4,815"
ualad09:North Tyneside,"147,889","104,242","21,815","61,349",354,"2,074","2,274","4,933","7,304","4,139","43,647","23,497","5,310","5,048","7,354","2,438"
ualad09:South Tyneside,"108,981","72,645","15,480","40,838",289,"1,379","1,287","2,993","7,145","3,234","36,336","17,355","4,611","4,696","7,234","2,440"
ualad09:Sunderland,"205,552","135,467","29,186","75,899",586,"2,529","2,788","5,574","12,016","6,889","70,085","32,215","10,778","8,666","14,084","4,342"
ualad09:Blackburn with Darwen,"104,417","67,033","14,535","35,597",520,"1,703","2,050","3,724","5,575","3,329","37,384","13,248","6,065","7,061","7,378","3,632"
ualad09:Blackpool,"103,813","68,540","14,836","34,230",349,"1,646","2,415","5,550","6,337","3,177","35,273","16,807","3,809","3,943","8,228","2,486"
ualad09:Cheshire East,"270,953","191,253","38,940","106,863","1,205","6,533","7,713","13,605","8,742","7,652","79,700","46,446","11,341","9,591","8,327","3,995"
ualad09:Cheshire West and Chester,"243,155","170,778","36,206","95,642",887,"4,729","5,711","10,529","8,949","8,125","72,377","39,893","10,746","8,620","9,574","3,544"
ualad09:Halton,"92,708","63,411","13,102","37,219",194,"1,056","1,230","2,940","5,151","2,519","29,297","13,332","3,858","3,900","6,451","1,756"
ualad09:Warrington,"149,461","107,765","21,782","63,875",472,"2,389","2,886","5,870","5,961","4,530","41,696","22,189","5,441","4,917","6,063","3,086"
ualad09:Allerdale,"70,978","48,904","11,615","25,912",353,"1,771","1,543","3,639","2,553","1,518","22,074","13,422","2,128","2,274","3,215","1,035"
ualad09:Barrow-in-Furness,"51,103","33,897","8,470","18,723",171,647,841,"1,496","2,365","1,184","17,206","9,168","1,613","1,813","3,720",892
ualad09:Carlisle,"79,531","57,210","13,295","31,161",318,"1,659","1,514","3,820","2,847","2,596","22,321","12,331","2,778","2,314","3,711","1,187"
ualad09:Copeland,"52,702","35,335","7,984","20,525",160,847,753,"1,915","2,235",916,"17,367","9,657","1,596","1,922","2,872","1,320"
ualad09:Eden,"38,735","28,413","6,191","13,651",254,"1,517","1,434","3,480",822,"1,064","10,322","6,822","1,070",923,"1,067",440
ualad09:South Lakeland,"75,831","53,396","12,015","26,863",456,"2,423","2,699","5,524","1,524","1,892","22,435","15,457","2,307","1,769","1,962",940
ualad09:Bolton,"200,723","134,933","27,798","74,631",839,"3,394","4,086","8,029","9,913","6,243","65,790","29,514","10,318","9,504","11,574","4,880"
ualad09:Bury,"134,687","94,680","19,118","53,953",533,"2,539","3,129","6,019","5,769","3,620","40,007","19,558","6,074","5,168","6,596","2,611"
ualad09:Manchester,"382,932","243,224","41,535","128,930","1,099","4,060","6,794","11,675","21,880","27,251","139,708","29,179","53,999","18,697","25,161","12,672"
ualad09:Oldham,"159,765","106,398","22,171","58,410",659,"2,581","3,047","6,147","8,661","4,722","53,367","22,426","8,135","9,038","9,209","4,559"
ualad09:Rochdale,"152,742","101,003","20,101","55,604",629,"2,436","2,982","6,069","9,047","4,135","51,739","20,853","8,025","7,838","10,446","4,577"
ualad09:Salford,"173,117","118,130","21,676","67,966",414,"2,114","2,616","6,228","9,041","8,075","54,987","20,950","10,093","7,021","11,915","5,008"
ualad09:Stockport,"205,310","146,296","29,946","83,049",752,"4,049","4,888","9,975","8,002","5,635","59,014","31,395","8,674","7,139","8,527","3,279"
ualad09:Tameside,"161,459","111,016","21,377","65,546",470,"2,200","2,757","6,595","8,052","4,019","50,443","23,682","6,865","6,443","9,970","3,483"
ualad09:Trafford,"162,806","118,064","22,799","68,201",657,"3,416","4,132","7,649","6,136","5,074","44,742","21,729","7,200","6,426","6,499","2,888"
ualad09:Wigan,"236,495","162,781","32,880","94,703",640,"3,324","4,016","9,465","11,483","6,270","73,714","38,211","8,293","8,302","14,652","4,256"
ualad09:Burnley,"63,376","41,879","9,129","23,187",209,857,"1,275","2,250","3,342","1,630","21,497","9,745","2,749","2,876","4,433","1,694"
ualad09:Chorley,"79,951","56,645","11,542","33,167",282,"1,642","1,678","3,698","2,588","2,048","23,306","12,899","2,590","2,279","3,262","2,276"
ualad09:Fylde,"54,544","36,447","7,374","20,222",259,"1,291","1,387","2,752","1,687","1,475","18,097","11,262","1,785","1,699","2,161","1,190"
ualad09:Hyndburn,"58,356","39,118","7,902","22,029",204,881,"1,260","2,387","2,688","1,767","19,238","8,803","2,513","2,600","3,912","1,410"
ualad09:Lancaster,"103,296","67,262","14,852","34,812",346,"1,784","2,302","4,402","3,362","5,402","36,034","15,718","11,219","2,915","4,431","1,751"
ualad09:Pendle,"64,440","42,765","9,036","23,179",299,"1,229","1,573","2,649","3,012","1,788","21,675","9,753","2,650","3,700","3,921","1,651"
ualad09:Preston,"104,085","70,509","14,188","38,229",354,"1,528","1,720","3,331","4,575","6,584","33,576","12,147","8,538","4,579","5,594","2,718"
ualad09:Ribble Valley,"41,285","29,672","6,023","16,105",215,"1,466","1,233","2,570",852,"1,208","11,613","7,431","1,504",979,"1,128",571
ualad09:Rossendale,"50,075","35,186","6,794","20,067",191,"1,025","1,238","2,549","2,090","1,232","14,889","7,372","2,148","1,809","2,715",845
ualad09:South Ribble,"80,458","58,577","11,969","35,168",238,"1,389","1,552","3,500","2,421","2,340","21,881","13,286","2,677","2,136","2,803",979
ualad09:West Lancashire,"81,601","55,680","11,504","29,658",377,"1,928","1,768","3,734","3,180","3,531","25,921","13,888","4,668","2,673","3,515","1,177"
ualad09:Wyre,"77,663","51,450","11,298","26,923",342,"1,945","1,974","4,094","2,464","2,410","26,213","16,467","3,010","2,247","3,443","1,046"
ualad09:Knowsley,"106,155","69,617","15,173","38,065",208,"1,083","1,386","3,541","6,926","3,235","36,538","14,415","5,127","4,822","9,333","2,841"
ualad09:Liverpool,"356,876","226,270","44,816","116,778",865,"4,092","4,825","10,894","23,980","20,020","130,606","41,070","36,781","13,683","28,453","10,619"
ualad09:Sefton,"198,197","133,012","29,799","71,019",638,"3,430","3,995","8,204","9,708","6,219","65,185","34,329","8,676","6,705","11,612","3,863"
ualad09:St. Helens,"129,584","86,121","18,169","49,968",330,"1,679","1,766","4,246","6,640","3,323","43,463","22,144","5,294","4,971","8,638","2,416"
ualad09:Wirral,"230,851","153,240","34,513","83,696",725,"3,839","4,424","8,346","11,939","5,758","77,611","38,761","10,491","9,046","14,724","4,589"
ualad09:East Riding of Yorkshire,"245,594","168,860","37,856","90,761","1,087","6,040","5,863","11,844","8,795","6,614","76,734","47,790","9,149","7,849","7,720","4,226"
"ualad09:Kingston upon Hull, City of","190,610","128,130","28,041","68,035",418,"1,808","2,352","5,236","15,296","6,944","62,480","23,025","13,243","9,482","11,524","5,206"
ualad09:North East Lincolnshire,"115,823","79,227","19,086","42,039",306,"1,581","1,763","3,834","7,486","3,132","36,596","18,018","4,825","5,635","5,612","2,506"
ualad09:North Lincolnshire,"122,329","84,668","18,768","48,278",413,"2,031","2,163","4,262","5,869","2,884","37,661","20,296","4,569","5,433","5,151","2,212"
ualad09:York,"149,789","104,945","22,487","57,032",453,"2,391","3,252","6,232","4,582","8,516","44,844","20,688","14,387","4,107","3,678","1,984"
ualad09:Craven,"40,056","28,744","6,139","14,540",219,"1,345","1,358","3,103","1,003","1,037","11,312","7,525","1,300","1,030",966,491
ualad09:Hambleton,"65,255","47,068","9,843","25,377",394,"2,173","1,846","4,326","1,670","1,439","18,187","11,809","1,960","2,043","1,483",892
ualad09:Harrogate,"114,038","84,662","16,998","46,509",638,"3,489","3,757","7,320","2,931","3,020","29,376","17,693","3,789","3,823","2,586","1,485"
ualad09:Richmondshire,"38,652","29,017","5,217","17,121",186,"1,208","1,043","2,391","1,116",735,"9,635","5,761",937,"1,396",839,702
ualad09:Ryedale,"37,581","26,644","5,773","12,760",266,"1,381","1,437","3,168","1,029",830,"10,937","7,005","1,282","1,175",945,530
ualad09:Scarborough,"79,393","52,245","12,834","24,346",397,"2,092","2,107","4,706","3,371","2,392","27,148","16,117","3,141","2,785","3,708","1,397"
ualad09:Selby,"61,831","45,720","9,293","26,298",285,"1,479","1,468","3,167","2,154","1,576","16,111","9,710","1,883","2,182","1,586",750
ualad09:Barnsley,"170,405","113,306","24,807","62,841",515,"2,639","2,863","7,086","8,738","3,817","57,099","28,008","6,225","7,435","11,925","3,506"
ualad09:Doncaster,"220,877","147,770","33,112","80,998",734,"3,305","3,941","8,216","12,697","4,767","73,107","34,110","8,765","10,746","12,958","6,528"
ualad09:Rotherham,"187,959","125,899","28,830","68,860",598,"2,839","3,244","7,313","9,821","4,394","62,060","31,117","7,405","8,864","10,614","4,060"
ualad09:Sheffield,"411,004","270,239","56,868","140,933","1,216","5,503","7,835","15,467","19,626","22,791","140,765","52,941","44,212","16,682","18,418","8,512"
ualad09:Bradford,"366,217","243,727","52,795","125,745","1,725","6,199","8,721","14,828","21,224","12,490","122,490","43,961","23,311","24,487","18,176","12,555"
ualad09:Calderdale,"148,766","104,893","21,923","57,617",585,"2,837","3,650","6,999","7,394","3,888","43,873","22,405","6,156","5,844","6,510","2,958"
ualad09:Kirklees,"307,194","209,514","44,638","112,199","1,413","5,679","7,070","13,332","14,465","10,718","97,680","44,027","17,593","15,227","13,504","7,329"
ualad09:Leeds,"560,849","389,929","73,507","217,528","1,789","8,318","10,731","21,460","26,786","29,810","170,920","69,446","46,047","20,435","22,498","12,494"
ualad09:Wakefield,"240,997","164,768","35,763","95,559",719,"3,494","3,960","8,531","11,702","5,040","76,229","38,721","8,474","9,554","14,092","5,388"
ualad09:Derby,"179,291","123,691","26,310","68,979",486,"2,027","3,127","6,017","9,297","7,448","55,600","22,925","11,237","8,595","8,574","4,269"
ualad09:Leicester,"242,232","156,425","33,341","80,780",751,"2,757","3,699","6,814","14,982","13,301","85,807","22,435","27,604","15,035","12,397","8,336"
ualad09:Nottingham,"232,072","142,327","27,605","72,252",573,"2,147","3,575","6,709","14,775","14,691","89,745","21,144","37,733","10,854","13,161","6,853"
ualad09:Rutland,"27,052","18,758","3,847","10,314",155,710,976,"1,507",643,606,"8,294","4,579","1,568",878,463,806
ualad09:Amber Valley,"90,558","63,280","13,374","36,229",261,"1,597","2,085","4,240","3,503","1,991","27,278","15,715","3,109","3,417","3,680","1,357"
ualad09:Bolsover,"55,945","37,442","7,986","21,542",144,820,938,"2,148","2,612","1,252","18,503","9,463","1,962","2,435","3,626","1,017"
ualad09:Chesterfield,"76,409","51,909","12,272","28,593",235,993,"1,481","2,969","3,557","1,809","24,500","12,894","2,782","2,916","4,554","1,354"
ualad09:Derbyshire Dales,"51,978","36,541","8,270","18,153",336,"1,593","1,922","3,727","1,394","1,146","15,437","9,903","1,699","1,581","1,322",932
ualad09:Erewash,"82,609","59,044","12,446","34,268",233,"1,269","1,631","3,462","3,742","1,993","23,565","12,894","2,970","3,107","3,304","1,290"
ualad09:High Peak,"67,389","48,560","10,316","26,377",252,"1,418","1,899","3,911","2,576","1,811","18,829","10,561","2,893","1,998","2,473",904
ualad09:North East Derbyshire,"73,460","49,919","11,679","27,073",259,"1,416","1,616","3,525","2,697","1,654","23,541","14,159","2,486","2,575","3,285","1,036"
ualad09:South Derbyshire,"69,450","50,358","10,279","29,738",267,"1,307","1,601","3,217","2,125","1,824","19,092","10,286","2,521","2,749","2,443","1,093"
ualad09:Blaby,"68,558","50,661","10,733","29,207",239,"1,318","1,667","3,537","1,963","1,997","17,897","10,721","2,495","1,914","1,565","1,202"
ualad09:Charnwood,"124,967","84,609","17,209","47,592",401,"2,133","2,657","5,244","3,864","5,509","40,358","17,092","14,278","3,930","3,437","1,621"
ualad09:Harborough,"61,913","45,791","9,419","25,343",330,"1,839","2,048","3,763","1,517","1,532","16,122","9,569","2,415","1,871","1,232","1,035"
ualad09:Hinckley and Bosworth,"77,716","56,538","11,408","33,087",317,"1,543","1,943","3,961","2,448","1,831","21,178","12,924","2,615","2,510","2,205",924
ualad09:Melton,"36,955","27,422","5,636","15,481",155,924,"1,068","2,094","1,067",997,"9,533","5,831","1,231","1,247",779,445
ualad09:North West Leicestershire,"68,556","48,999","9,845","28,778",236,"1,253","1,573","3,309","2,361","1,644","19,557","11,025","2,611","2,595","2,350",976
ualad09:Oadby and Wigston,"40,797","28,119","6,146","15,570",166,811,864,"1,669","1,314","1,579","12,678","6,102","3,555","1,296","1,098",627
ualad09:Boston,"47,306","33,031","7,480","18,683",181,892,907,"1,927","1,969",992,"14,275","7,842","1,447","1,838","2,083","1,065"
ualad09:East Lindsey,"99,928","60,716","14,264","29,753",477,"2,460","2,698","5,223","3,966","1,875","39,212","24,038","3,234","4,356","5,795","1,789"
ualad09:Lincoln,"71,577","49,523","9,926","26,504",158,796,"1,111","2,486","3,533","5,009","22,054","8,015","6,287","2,880","3,278","1,594"
ualad09:North Kesteven,"78,616","55,065","11,437","32,060",302,"1,485","1,878","3,759","2,290","1,854","23,551","14,890","2,536","2,942","2,280",903
ualad09:South Holland,"63,920","44,276","8,432","25,724",262,"1,323","1,493","3,298","2,532","1,212","19,644","11,891","1,846","2,549","2,308","1,050"
ualad09:South Kesteven,"97,319","70,273","14,579","40,051",363,"1,901","2,651","4,954","3,248","2,526","27,046","16,064","3,113","3,586","2,840","1,443"
ualad09:West Lindsey,"65,531","44,768","9,855","24,183",256,"1,497","1,747","3,196","2,497","1,537","20,763","12,366","2,367","2,598","2,492",940
ualad09:Corby,"45,049","33,166","6,145","20,899",95,476,565,"1,506","2,222","1,258","11,883","5,566","1,504","1,759","2,237",817
ualad09:Daventry,"57,379","41,546","7,904","23,617",242,"1,452","1,705","3,376","1,731","1,519","15,833","8,777","1,978","2,079","1,456","1,543"
ualad09:East Northamptonshire,"63,006","45,821","8,602","26,972",250,"1,251","1,567","3,577","2,136","1,466","17,185","9,549","2,504","2,517","1,808",807
ualad09:Kettering,"67,920","50,012","9,967","29,305",222,"1,223","1,539","3,268","2,728","1,760","17,908","9,729","2,101","2,616","2,408","1,054"
ualad09:Northampton,"155,682","115,479","21,026","68,363",417,"2,254","2,872","6,955","7,223","6,369","40,203","17,458","7,871","6,026","5,837","3,011"
ualad09:South Northamptonshire,"62,321","47,449","9,004","27,039",294,"1,629","2,068","4,283","1,476","1,656","14,872","9,161","1,847","2,109","1,045",710
ualad09:Wellingborough,"54,817","39,247","7,449","23,367",153,891,"1,033","2,363","2,562","1,429","15,570","8,059","1,844","2,360","2,109","1,198"
ualad09:Ashfield,"88,037","59,970","12,976","34,795",236,"1,087","1,458","3,379","4,140","1,899","28,067","14,545","2,921","3,986","4,912","1,703"
ualad09:Bassetlaw,"83,305","56,556","12,752","31,585",327,"1,515","1,644","3,461","3,294","1,978","26,749","14,204","2,914","3,162","4,219","2,250"
ualad09:Broxtowe,"81,573","56,838","11,855","33,191",236,"1,279","1,615","3,153","3,156","2,353","24,735","13,440","4,574","2,724","2,833","1,164"
ualad09:Gedling,"83,284","59,493","12,940","33,171",297,"1,565","1,908","3,986","3,391","2,235","23,791","13,774","3,006","2,717","3,032","1,262"
ualad09:Mansfield,"77,155","52,392","11,627","29,832",226,"1,062","1,287","2,927","3,547","1,884","24,763","12,120","2,661","3,436","4,996","1,550"
ualad09:Newark and Sherwood,"84,145","57,971","12,686","31,947",344,"1,804","2,061","4,030","2,995","2,104","26,174","14,352","3,157","3,423","3,590","1,652"
ualad09:Rushcliffe,"80,755","58,045","11,753","32,677",374,"1,950","2,380","3,999","2,222","2,690","22,710","12,820","4,465","2,435","1,758","1,232"
"ualad09:Herefordshire, County of","133,442","95,114","20,345","48,094",682,"3,656","4,683","10,130","4,353","3,171","38,328","22,149","4,845","4,636","4,600","2,098"
ualad09:Shropshire,"223,892","158,983","34,760","83,106","1,126","6,130","6,852","14,427","7,350","5,232","64,909","37,833","8,764","7,529","7,237","3,546"
ualad09:Stoke-on-Trent,"182,808","119,743","24,732","67,097",528,"2,127","2,823","5,962","9,715","6,759","63,065","26,108","10,260","8,553","13,223","4,921"
ualad09:Telford and Wrekin,"122,279","84,947","16,530","50,567",293,"1,724","2,134","4,437","5,806","3,456","37,332","16,798","6,213","5,923","6,001","2,397"
ualad09:Cannock Chase,"72,274","51,306","11,009","28,840",211,"1,063","1,255","3,737","3,311","1,880","20,968","10,735","2,604","3,007","3,415","1,207"
ualad09:East Staffordshire,"83,059","58,578","12,135","33,829",302,"1,448","1,806","3,624","3,171","2,263","24,481","12,497","3,077","3,691","3,103","2,113"
ualad09:Lichfield,"74,757","51,862","10,890","28,837",326,"1,782","1,925","3,776","2,531","1,795","22,895","13,883","2,793","2,603","2,276","1,340"
ualad09:Newcastle-under-Lyme,"92,335","61,568","12,736","34,876",244,"1,525","1,705","3,513","3,378","3,591","30,767","14,830","7,063","2,983","4,341","1,550"
ualad09:South Staffordshire,"80,718","56,418","12,224","30,995",382,"1,964","1,889","4,217","2,670","2,077","24,300","14,754","3,158","2,560","2,228","1,600"
ualad09:Stafford,"97,297","68,274","14,101","38,948",353,"2,052","2,149","4,320","3,028","3,323","29,023","16,246","4,921","2,888","3,024","1,944"
ualad09:Staffordshire Moorlands,"72,085","49,988","10,527","27,432",349,"1,690","1,784","4,348","2,031","1,827","22,097","13,745","2,379","2,093","2,926",954
ualad09:Tamworth,"56,833","41,188","8,566","24,514",123,653,922,"2,342","2,541","1,527","15,645","8,104","2,012","2,366","2,344",819
ualad09:North Warwickshire,"46,170","33,151","6,732","18,982",176,989,"1,040","2,491","1,662","1,079","13,019","7,636","1,534","1,543","1,632",674
ualad09:Nuneaton and Bedworth,"92,090","65,173","13,588","38,428",218,"1,156","1,490","3,412","4,363","2,518","26,917","14,372","3,280","3,616","4,058","1,591"
ualad09:Rugby,"72,759","53,457","10,096","32,415",229,"1,198","1,635","3,445","2,613","1,826","19,302","10,723","2,836","2,557","2,068","1,118"
ualad09:Stratford-on-Avon,"87,728","63,253","12,651","33,817",465,"2,403","3,468","6,040","2,154","2,255","24,475","15,155","2,987","3,056","2,029","1,248"
ualad09:Warwick,"102,883","73,309","13,456","43,062",397,"1,918","2,873","4,858","3,118","3,627","29,574","13,319","9,243","3,011","2,626","1,375"
ualad09:Birmingham,"760,252","488,221","96,186","251,668","2,970","9,718","15,221","24,916","54,114","33,428","272,031","81,213","74,102","48,771","39,917","28,028"
ualad09:Coventry,"231,871","153,745","29,800","84,624",549,"2,574","3,659","7,558","12,532","12,449","78,126","27,790","24,219","10,049","10,487","5,581"
ualad09:Dudley,"226,726","155,530","33,987","86,654",618,"3,051","4,219","9,191","12,064","5,746","71,196","36,619","9,636","10,355","10,060","4,526"
ualad09:Sandwell,"219,508","146,653","29,779","81,339",653,"2,508","3,272","6,787","16,049","6,266","72,855","28,582","11,728","12,859","12,679","7,007"
ualad09:Solihull,"148,360","105,108","21,701","59,212",599,"2,944","3,363","6,767","6,304","4,218","43,252","24,019","6,496","5,506","4,949","2,282"
ualad09:Walsall,"191,974","126,805","26,934","67,743",672,"2,891","3,168","7,260","13,006","5,131","65,169","28,865","9,544","11,220","9,974","5,566"
ualad09:Wolverhampton,"179,983","120,402","24,364","63,981",525,"2,269","2,680","5,910","14,127","6,546","59,581","23,763","11,036","9,479","9,765","5,538"
ualad09:Bromsgrove,"67,807","48,664","10,393","26,705",331,"1,765","1,953","3,720","2,070","1,727","19,143","11,031","2,836","1,909","1,714","1,653"
ualad09:Malvern Hills,"53,512","36,261","7,704","18,038",292,"1,511","2,128","3,676","1,690","1,222","17,251","10,292","2,583","1,877","1,692",807
ualad09:Redditch,"62,523","46,220","8,991","27,383",156,870,"1,317","2,747","2,877","1,879","16,303","8,106","2,394","2,440","2,374",989
ualad09:Worcester,"73,382","53,966","11,000","30,777",170,956,"1,561","3,068","3,071","3,363","19,416","8,918","4,046","2,713","2,497","1,242"
ualad09:Wychavon,"85,481","61,260","12,816","32,863",413,"2,246","2,769","5,352","2,675","2,126","24,221","14,864","2,854","2,897","2,278","1,328"
ualad09:Wyre Forest,"72,331","49,712","10,994","27,045",270,"1,318","1,806","3,627","3,041","1,611","22,619","13,356","2,413","2,638","2,972","1,240"
ualad09:Bedford,"113,764","81,782","15,841","45,943",431,"2,107","2,815","5,473","5,060","4,112","31,982","14,517","6,231","4,918","3,749","2,567"
ualad09:Central Bedfordshire,"186,658","139,525","26,069","81,304",678,"3,678","4,981","11,135","6,443","5,237","47,133","25,111","7,768","7,346","4,409","2,499"
ualad09:Luton,"145,208","100,272","18,407","53,271",635,"2,136","2,948","6,479","8,337","8,059","44,936","14,336","10,703","9,660","5,496","4,741"
ualad09:Peterborough,"132,318","95,646","18,654","56,704",438,"1,946","2,627","5,001","6,691","3,585","36,672","15,323","5,104","7,270","5,484","3,491"
ualad09:Southend-on-Sea,"125,007","88,324","17,949","47,972",451,"2,168","3,348","6,834","6,209","3,393","36,683","17,655","4,769","6,298","5,311","2,650"
ualad09:Thurrock,"114,124","84,464","16,370","48,620",347,"1,750","2,091","5,973","6,190","3,123","29,660","13,377","3,987","5,903","4,037","2,356"
ualad09:Cambridge,"98,283","62,886","10,001","37,350",227,"1,254","2,300","3,510","2,641","5,603","35,397","7,001","21,463","2,949","2,437","1,547"
ualad09:East Cambridgeshire,"60,714","45,920","8,811","26,726",246,"1,397","1,884","3,700","1,747","1,409","14,794","8,224","1,784","2,531","1,438",817
ualad09:Fenland,"69,258","47,829","9,701","27,304",226,"1,200","1,403","3,579","2,931","1,485","21,429","11,869","2,146","2,954","3,100","1,360"
ualad09:Huntingdonshire,"125,346","93,481","17,780","56,515",440,"2,272","3,044","6,156","3,957","3,317","31,865","17,677","4,002","4,746","3,112","2,328"
ualad09:South Cambridgeshire,"107,779","82,079","15,597","48,499",443,"2,362","3,712","5,995","2,499","2,972","25,700","14,045","4,295","3,875","2,133","1,352"
ualad09:Basildon,"125,795","89,570","17,855","50,693",371,"2,087","2,703","6,956","5,846","3,059","36,225","17,497","4,297","7,204","4,953","2,274"
ualad09:Braintree,"106,718","78,715","15,747","43,859",411,"2,159","3,109","6,731","4,014","2,685","28,003","15,027","3,153","4,890","3,347","1,586"
ualad09:Brentwood,"52,959","38,149","7,142","21,677",242,"1,280","1,705","3,237","1,667","1,199","14,810","7,884","2,330","2,564","1,215",817
ualad09:Castle Point,"64,626","44,080","9,525","23,519",217,"1,231","1,505","4,225","2,289","1,569","20,546","12,525","1,852","3,086","2,036","1,047"
ualad09:Chelmsford,"123,693","91,339","18,138","52,442",433,"2,303","3,346","6,693","4,223","3,761","32,354","17,484","4,840","5,230","2,810","1,990"
ualad09:Colchester,"128,562","91,385","18,471","50,589",414,"2,176","3,147","6,417","4,456","5,715","37,177","16,901","8,950","5,226","4,135","1,965"
ualad09:Epping Forest,"90,622","65,304","12,023","34,722",582,"2,840","3,155","6,614","3,259","2,109","25,318","12,746","4,055","4,459","2,378","1,680"
ualad09:Harlow,"58,669","43,847","8,643","25,261",142,733,"1,181","3,050","3,043","1,794","14,822","6,625","2,102","2,778","2,188","1,129"
ualad09:Maldon,"45,406","31,856","6,640","16,765",232,"1,143","1,558","3,175","1,381",962,"13,550","8,148","1,353","2,122","1,293",634
ualad09:Rochford,"60,425","42,804","9,179","23,556",228,"1,176","1,625","3,739","1,836","1,465","17,621","10,715","1,846","2,756","1,395",909
ualad09:Tendring,"97,050","59,908","14,148","29,346",340,"1,813","2,525","5,113","4,533","2,090","37,142","22,402","3,223","4,469","5,131","1,917"
ualad09:Uttlesford,"57,086","42,473","8,306","22,883",305,"1,726","2,245","4,138","1,527","1,343","14,613","7,685","2,371","2,778","1,006",773
ualad09:Broxbourne,"67,599","49,426","9,790","27,083",296,"1,328","1,720","4,537","2,825","1,847","18,173","8,930","2,927","3,221","1,861","1,234"
ualad09:Dacorum,"104,410","77,800","14,422","44,421",371,"2,037","3,356","6,441","3,829","2,923","26,610","12,906","4,003","4,730","2,788","2,183"
ualad09:East Hertfordshire,"100,093","75,434","14,070","43,787",404,"2,386","3,279","6,252","2,849","2,407","24,659","12,485","4,401","4,404","2,066","1,303"
ualad09:Hertsmere,"71,511","52,435","9,622","28,167",337,"1,903","2,847","4,913","2,650","1,996","19,076","8,029","4,378","3,369","1,980","1,320"
ualad09:North Hertfordshire,"91,510","68,564","12,782","40,147",384,"1,805","2,861","4,990","3,145","2,450","22,946","12,149","3,429","3,959","2,179","1,230"
ualad09:St Albans,"99,863","74,553","13,476","42,999",434,"2,416","3,806","5,910","2,715","2,797","25,310","12,321","4,614","4,817","2,078","1,480"
ualad09:Stevenage,"60,988","46,140","8,729","27,053",140,760,"1,222","3,130","2,925","2,181","14,848","6,749","2,269","2,795","1,998","1,037"
ualad09:Three Rivers,"62,440","46,280","8,425","25,698",331,"1,713","2,419","4,076","1,984","1,634","16,160","7,971","2,830","2,910","1,417","1,032"
ualad09:Watford,"66,285","50,770","8,438","30,477",208,"1,047","1,865","3,774","2,692","2,269","15,515","6,260","3,058","3,030","1,779","1,388"
ualad09:Welwyn Hatfield,"81,514","57,036","9,939","31,315",259,"1,402","1,994","3,941","2,687","5,499","24,478","8,920","8,941","3,283","2,090","1,244"
ualad09:Breckland,"94,176","65,029","13,772","36,350",320,"1,709","2,455","5,015","3,302","2,106","29,147","16,939","2,835","3,987","3,288","2,098"
ualad09:Broadland,"90,305","64,232","15,110","34,180",378,"1,880","2,737","5,312","2,314","2,321","26,073","16,776","2,552","3,116","2,512","1,117"
ualad09:Great Yarmouth,"70,234","46,018","11,433","22,778",217,"1,176","1,430","3,021","4,258","1,705","24,216","12,881","2,526","3,443","3,741","1,625"
ualad09:King`s Lynn and West Norfolk,"106,591","71,704","15,537","38,946",427,"2,254","2,720","5,575","3,901","2,344","34,887","20,888","3,295","4,609","4,334","1,761"
ualad09:North Norfolk,"72,453","45,819","10,606","21,871",364,"1,810","2,671","4,825","2,404","1,268","26,634","17,240","2,002","2,918","2,847","1,627"
ualad09:Norwich,"100,702","68,772","13,516","37,502",219,"1,109","1,986","3,915","5,060","5,465","31,930","10,766","9,613","4,379","4,959","2,213"
ualad09:South Norfolk,"89,337","63,158","14,032","33,553",379,"2,052","3,019","5,477","2,439","2,207","26,179","16,249","2,844","3,450","2,506","1,130"
ualad09:Babergh,"63,075","44,347","9,578","23,434",300,"1,403","2,255","4,065","1,879","1,433","18,728","11,468","2,129","2,671","1,593",867
ualad09:Forest Heath,"44,053","33,115","5,705","20,939",136,766,973,"2,198","1,412",986,"10,938","5,403","1,210","2,074","1,134","1,117"
ualad09:Ipswich,"97,167","71,423","16,071","40,014",239,"1,144","1,768","3,956","5,212","3,019","25,744","11,279","3,736","4,662","4,048","2,019"
ualad09:Mid Suffolk,"70,073","50,607","10,977","27,013",322,"1,638","2,542","4,604","1,789","1,722","19,466","12,193","2,035","2,781","1,568",889
ualad09:St Edmundsbury,"80,968","59,324","12,418","34,373",307,"1,576","2,139","3,947","2,463","2,101","21,644","12,451","2,522","2,761","2,066","1,844"
ualad09:Suffolk Coastal,"88,250","61,006","14,036","31,974",481,"2,007","3,170","4,799","2,394","2,145","27,244","17,161","2,817","3,423","2,328","1,515"
ualad09:Waveney,"81,877","53,460","13,463","26,780",311,"1,401","2,007","3,752","3,724","2,022","28,417","16,590","2,557","3,748","3,747","1,775"
ualad09:Camden,"173,833","118,397","13,727","66,955",800,"4,333","6,542","11,629","7,755","6,656","55,436","11,908","22,734","7,874","7,663","5,257"
ualad09:City of London,"6,307","4,972",360,"3,245",32,281,213,510,187,144,"1,335",580,363,153,116,123
ualad09:Hackney,"187,423","133,883","21,394","68,680",935,"3,056","6,434","12,868","13,207","7,309","53,540","10,441","16,455","9,262","9,788","7,594"
ualad09:Hammersmith and Fulham,"145,552","107,754","11,073","66,703",607,"3,078","4,927","9,252","7,060","5,054","37,798","9,135","11,919","6,645","5,670","4,429"
ualad09:Haringey,"193,062","138,189","21,601","70,472",983,"3,849","8,266","13,715","11,730","7,573","54,873","13,391","15,945","9,604","8,448","7,485"
ualad09:Islington,"165,149","117,488","13,596","69,852",552,"3,196","4,834","10,295","8,960","6,203","47,661","10,204","16,458","6,611","8,707","5,681"
ualad09:Kensington and Chelsea,"126,080","87,517","8,583","51,211",808,"4,604","5,215","8,777","5,433","2,886","38,563","10,119","11,031","7,740","4,503","5,170"
ualad09:Lambeth,"237,730","183,190","22,530","110,465",861,"3,860","7,225","14,882","14,255","9,112","54,540","13,265","16,062","8,411","9,068","7,734"
ualad09:Lewisham,"206,255","151,793","24,079","82,776",813,"3,293","6,286","11,658","12,776","10,112","54,462","15,088","15,018","9,179","8,779","6,398"
ualad09:Newham,"228,958","153,761","26,408","70,712","1,256","3,537","6,035","10,914","15,734","19,165","75,197","13,211","24,959","16,510","9,728","10,789"
ualad09:Southwark,"224,551","163,859","22,225","94,675",762,"3,513","6,036","12,075","13,484","11,089","60,692","12,940","22,256","8,438","9,653","7,405"
ualad09:Tower Hamlets,"196,552","137,233","18,852","78,031",906,"2,450","4,116","8,864","13,259","10,755","59,319","9,262","19,407","13,809","8,893","7,948"
ualad09:Wandsworth,"243,533","189,789","18,968","123,965",881,"5,239","7,883","15,532","9,311","8,010","53,744","15,140","14,599","10,424","7,027","6,554"
ualad09:Westminster,"175,505","120,418","12,606","72,899",996,"4,942","5,520","10,568","7,941","4,946","55,087","12,010","17,835","9,521","8,492","7,229"
ualad09:Barking and Dagenham,"127,568","86,404","15,608","44,490",506,"1,883","3,009","6,023","9,367","5,518","41,164","10,995","9,485","9,476","6,459","4,749"
ualad09:Barnet,"258,443","184,483","30,478","93,174","1,681","7,842","11,843","18,924","11,476","9,065","73,960","22,967","21,112","14,277","7,885","7,719"
ualad09:Bexley,"165,914","118,864","23,072","66,838",532,"2,688","3,648","9,508","7,245","5,333","47,050","21,839","9,177","7,696","4,943","3,395"
ualad09:Brent,"233,726","163,991","25,702","83,772","1,429","5,185","8,070","15,320","13,535","10,978","69,735","18,619","19,919","13,035","9,119","9,043"
ualad09:Bromley,"222,539","161,282","29,012","91,506",967,"4,844","7,039","13,740","8,668","5,506","61,257","29,656","10,635","10,614","6,057","4,295"
ualad09:Croydon,"263,048","190,308","33,112","105,621","1,082","4,685","7,169","14,084","14,512","10,043","72,740","26,079","16,641","13,265","9,272","7,483"
ualad09:Ealing,"252,764","180,615","25,882","100,465","1,191","4,847","8,810","16,305","13,158","9,957","72,149","20,905","18,771","14,552","9,134","8,787"
ualad09:Enfield,"224,024","153,334","29,134","77,326","1,368","4,702","6,993","12,078","13,192","8,541","70,690","22,062","17,187","13,464","9,242","8,735"
ualad09:Greenwich,"186,722","132,073","20,697","71,844",702,"3,175","4,687","9,741","11,518","9,709","54,649","15,695","13,957","9,577","8,621","6,799"
ualad09:Harrow,"174,751","123,307","21,423","65,492",985,"4,474","5,717","10,943","7,854","6,419","51,444","18,189","13,417","9,580","5,105","5,153"
ualad09:Havering,"171,128","121,642","23,479","67,989",659,"3,094","4,096","10,129","7,627","4,569","49,486","24,404","7,944","8,374","5,407","3,357"
ualad09:Hillingdon,"199,926","141,542","23,706","80,835",729,"3,402","4,704","9,812","8,693","9,661","58,384","20,310","16,788","10,311","5,886","5,089"
ualad09:Hounslow,"190,157","137,867","20,588","79,763",878,"3,451","5,500","10,562","8,815","8,310","52,290","15,843","12,769","11,167","6,502","6,009"
ualad09:Kingston upon Thames,"119,673","87,348","13,588","49,530",524,"2,357","3,961","7,166","3,850","6,372","32,325","11,281","10,305","5,616","2,664","2,459"
ualad09:Merton,"149,598","112,038","16,484","65,877",659,"3,091","5,072","9,721","6,072","5,062","37,560","12,903","9,150","7,912","3,741","3,854"
ualad09:Redbridge,"199,544","137,776","23,948","71,627","1,188","4,843","6,144","11,262","10,590","8,174","61,768","19,026","16,199","13,137","6,548","6,858"
ualad09:Richmond upon Thames,"137,779","104,090","14,207","61,511",648,"3,632","6,240","9,947","4,153","3,752","33,689","13,794","7,383","6,979","2,802","2,731"
ualad09:Sutton,"138,710","103,995","18,502","60,111",600,"2,635","3,981","8,603","5,429","4,134","34,715","15,461","6,454","6,238","3,904","2,658"
ualad09:Waltham Forest,"190,978","135,015","21,889","69,385","1,033","3,371","6,509","12,777","11,654","8,397","55,963","15,335","15,209","11,429","7,166","6,824"
ualad09:Bracknell Forest,"83,116","65,137","11,066","40,762",225,"1,249","2,112","4,581","2,808","2,334","17,979","8,496","3,007","3,450","1,770","1,256"
ualad09:Brighton and Hove,"210,792","150,853","27,492","75,999",884,"4,191","7,985","14,181","7,818","12,303","59,939","19,625","20,567","7,249","8,813","3,685"
ualad09:Isle of Wight,"99,747","64,218","15,728","30,353",476,"2,111","3,293","5,673","4,386","2,198","35,529","20,478","3,661","3,933","4,504","2,953"
ualad09:Medway,"194,158","137,954","27,137","77,912",543,"2,731","3,692","9,910","9,469","6,560","56,204","24,738","9,912","10,105","7,334","4,115"
ualad09:Milton Keynes,"181,385","137,717","23,644","84,004",537,"2,598","3,938","8,658","8,640","5,698","43,668","18,654","7,143","8,338","5,810","3,723"
ualad09:Portsmouth,"153,705","105,834","20,626","57,743",376,"2,016","2,483","6,676","6,536","9,378","47,871","16,385","16,380","6,297","5,813","2,996"
ualad09:Reading,"116,808","86,329","13,883","52,054",238,"1,388","2,283","5,329","5,329","5,825","30,479","10,001","9,297","5,334","3,227","2,620"
ualad09:Slough,"100,458","73,819","11,886","43,610",388,"1,398","2,494","4,646","5,440","3,957","26,639","7,517","5,813","6,555","3,388","3,366"
ualad09:Southampton,"180,201","123,193","22,856","68,082",450,"2,027","2,965","7,522","7,631","11,660","57,008","17,775","20,857","7,449","7,330","3,597"
ualad09:West Berkshire,"112,054","85,401","15,567","51,084",369,"2,286","3,416","6,620","3,279","2,780","26,653","14,094","3,799","4,769","2,420","1,571"
ualad09:Windsor and Maidenhead,"104,247","77,650","12,727","46,337",464,"2,280","3,685","6,474","3,292","2,391","26,597","13,366","4,598","5,016","1,834","1,783"
ualad09:Wokingham,"112,273","84,912","15,282","51,260",385,"2,052","3,403","6,241","2,958","3,331","27,361","14,976","4,441","4,799","1,742","1,403"
ualad09:Aylesbury Vale,"126,740","95,242","17,751","54,696",532,"2,712","4,222","8,065","3,869","3,395","31,498","15,684","5,151","5,375","2,821","2,467"
ualad09:Chiltern,"65,043","46,743","8,854","24,978",325,"1,846","3,039","4,376","1,728","1,597","18,300","10,038","2,715","3,303","1,227","1,017"
ualad09:South Bucks,"47,802","34,581","5,643","19,666",294,"1,642","1,772","3,142","1,267","1,155","13,221","6,914","2,142","2,429",878,858
ualad09:Wycombe,"124,188","91,315","16,001","51,724",546,"2,349","4,506","7,707","4,023","4,459","32,873","15,713","6,331","6,138","2,434","2,257"
ualad09:Eastbourne,"70,473","47,926","10,395","24,700",249,"1,157","1,893","3,948","2,874","2,710","22,547","11,829","3,632","2,645","3,192","1,249"
ualad09:Hastings,"66,036","44,759","9,770","22,094",207,"1,089","1,977","4,119","3,621","1,882","21,277","9,469","2,699","3,112","4,370","1,627"
ualad09:Lewes,"69,269","48,194","10,626","23,792",310,"1,535","2,892","4,874","2,319","1,846","21,075","12,184","2,545","2,676","2,448","1,222"
ualad09:Rother,"62,861","39,859","8,685","18,498",364,"1,587","2,633","4,737","2,019","1,336","23,002","14,163","2,386","2,728","2,551","1,174"
ualad09:Wealden,"105,879","74,214","15,676","36,449",577,"2,955","4,819","8,322","2,670","2,746","31,665","19,091","3,617","4,504","2,827","1,626"
ualad09:Basingstoke and Deane,"123,243","94,800","16,506","59,049",323,"1,890","3,130","6,449","3,999","3,454","28,443","15,461","3,345","4,920","2,998","1,719"
ualad09:East Hampshire,"83,522","60,953","11,975","33,561",368,"1,899","3,203","5,604","2,133","2,210","22,569","12,787","3,261","3,551","1,911","1,059"
ualad09:Eastleigh,"91,582","69,033","14,551","40,104",292,"1,524","2,284","4,784","2,768","2,726","22,549","12,922","2,877","3,260","2,358","1,132"
ualad09:Fareham,"81,198","59,063","12,324","34,450",289,"1,282","2,079","3,911","2,117","2,611","22,135","14,078","2,730","2,594","1,772",961
ualad09:Gosport,"59,499","42,981","8,592","25,813",112,654,"1,155","2,535","2,520","1,600","16,518","8,650","2,157","2,582","2,141",988
ualad09:Hart,"66,087","49,875","9,156","29,935",239,"1,289","2,135","3,831","1,570","1,720","16,212","9,425","2,173","2,905",891,818
ualad09:Havant,"86,247","59,601","13,080","32,329",257,"1,434","1,996","4,576","3,444","2,485","26,646","14,894","2,947","3,824","3,586","1,395"
ualad09:New Forest,"124,798","86,776","19,709","45,549",594,"2,655","4,346","7,400","3,288","3,235","38,022","24,595","3,425","4,728","3,528","1,746"
ualad09:Rushmoor,"69,652","54,145","9,362","34,397",158,855,"1,319","3,220","2,593","2,241","15,507","6,814","2,640","2,776","1,865","1,412"
ualad09:Test Valley,"84,652","62,141","12,473","36,237",300,"1,708","2,586","4,479","2,133","2,225","22,511","13,087","2,837","3,417","2,047","1,123"
ualad09:Winchester,"84,495","60,029","11,434","32,339",399,"2,119","3,055","4,729","1,943","4,011","24,466","12,223","5,665","3,310","1,882","1,386"
ualad09:Ashford,"84,252","61,189","12,334","33,223",307,"1,781","2,598","5,316","3,058","2,572","23,063","12,141","2,771","4,114","2,626","1,411"
ualad09:Canterbury,"111,867","71,322","14,268","34,938",383,"1,993","2,925","5,486","3,410","7,919","40,545","16,830","13,955","4,037","3,717","2,006"
ualad09:Dartford,"70,488","53,184","9,765","31,440",212,"1,255","1,528","3,920","3,099","1,965","17,304","8,359","2,468","3,131","2,098","1,248"
ualad09:Dover,"80,786","54,478","11,864","29,124",325,"1,560","2,159","3,887","3,607","1,952","26,308","14,215","3,208","3,578","3,596","1,711"
ualad09:Gravesham,"73,191","51,903","10,560","28,617",258,"1,363","1,608","3,723","3,714","2,060","21,288","9,904","3,057","3,866","2,792","1,669"
ualad09:Maidstone,"113,231","82,528","16,283","46,737",441,"2,294","3,322","6,700","3,848","2,903","30,703","16,310","4,079","5,095","3,098","2,121"
ualad09:Sevenoaks,"82,098","58,707","11,527","31,826",411,"2,147","3,160","5,462","2,332","1,842","23,391","12,531","3,353","4,448","1,786","1,273"
ualad09:Shepway,"77,938","52,387","11,151","27,386",308,"1,441","1,979","4,269","3,576","2,277","25,551","13,794","2,869","3,486","3,785","1,617"
ualad09:Swale,"98,607","67,913","13,844","37,613",340,"1,797","2,245","5,316","4,538","2,220","30,694","14,903","3,660","5,110","4,380","2,641"
ualad09:Thanet,"94,452","61,272","13,626","29,937",341,"1,702","2,466","5,047","5,358","2,795","33,180","17,231","4,016","4,632","5,273","2,028"
ualad09:Tonbridge and Malling,"86,435","63,039","12,690","35,663",331,"1,725","2,668","5,044","2,580","2,338","23,396","12,531","3,426","4,073","2,123","1,243"
ualad09:Tunbridge Wells,"82,052","59,986","11,265","33,121",391,"2,077","3,240","5,430","2,421","2,041","22,066","10,378","3,905","4,191","2,197","1,395"
ualad09:Cherwell,"103,269","78,160","15,063","46,827",350,"1,845","2,869","5,598","2,936","2,672","25,109","12,694","3,560","3,950","2,539","2,366"
ualad09:Oxford,"118,437","74,923","12,360","42,867",307,"1,319","2,646","3,954","3,801","7,669","43,514","8,346","25,539","4,204","3,129","2,296"
ualad09:South Oxfordshire,"96,892","72,820","13,591","41,976",432,"2,343","3,833","6,030","2,446","2,169","24,072","13,471","3,378","3,848","1,809","1,566"
ualad09:Vale of White Horse,"87,477","65,710","12,547","39,197",324,"1,815","2,613","4,689","2,190","2,335","21,767","12,150","3,400","3,374","1,682","1,161"
ualad09:West Oxfordshire,"76,163","58,506","10,889","34,599",329,"1,814","2,680","4,629","1,730","1,836","17,657","10,418","2,302","2,596","1,394",947
ualad09:Elmbridge,"92,027","67,522","10,910","38,467",486,"2,641","4,132","6,306","2,457","2,123","24,505","11,239","4,136","5,852","1,636","1,642"
ualad09:Epsom and Ewell,"54,170","39,844","7,401","22,696",231,"1,129","1,736","3,256","1,480","1,915","14,326","7,280","2,785","2,269","1,127",865
ualad09:Guildford,"102,054","73,649","12,432","41,942",394,"2,112","3,434","5,586","2,750","4,999","28,405","11,556","8,681","4,517","1,931","1,720"
ualad09:Mole Valley,"60,778","44,170","8,418","23,808",287,"1,579","2,747","4,330","1,529","1,472","16,608","9,519","2,324","2,657","1,277",831
ualad09:Reigate and Banstead,"99,173","74,614","13,429","43,619",437,"2,206","3,292","6,248","2,892","2,491","24,559","12,278","3,508","4,354","2,299","2,120"
ualad09:Runnymede,"59,793","42,816","7,221","24,716",221,"1,077","1,702","3,384","1,630","2,865","16,977","7,091","5,476","2,354","1,135",921
ualad09:Spelthorne,"69,916","52,767","9,279","32,475",230,"1,112","1,907","3,762","2,277","1,725","17,149","9,289","2,260","2,724","1,586","1,290"
ualad09:Surrey Heath,"62,565","47,016","8,500","27,645",242,"1,335","2,081","3,697","1,731","1,785","15,549","8,441","2,185","2,727","1,059","1,137"
ualad09:Tandridge,"59,457","43,692","8,047","24,205",331,"1,584","2,356","4,199","1,645","1,325","15,765","8,390","2,581","2,554","1,308",932
ualad09:Waverley,"85,617","61,649","11,669","33,014",453,"2,358","3,764","5,859","2,068","2,464","23,968","12,260","4,402","4,238","1,760","1,308"
ualad09:Woking,"71,722","54,052","8,977","32,336",288,"1,344","2,400","4,231","2,313","2,163","17,670","8,242","2,559","3,954","1,626","1,289"
ualad09:Adur,"43,860","31,054","7,034","16,445",172,730,"1,375","2,726","1,466","1,106","12,806","7,375","1,450","1,713","1,593",675
ualad09:Arun,"106,071","71,573","15,734","37,607",439,"1,988","3,352","6,065","3,538","2,850","34,498","21,665","3,294","3,902","3,731","1,906"
ualad09:Chichester,"81,037","56,102","11,384","27,847",390,"2,232","3,520","5,632","2,267","2,830","24,935","14,773","3,590","3,395","1,944","1,233"
ualad09:Crawley,"77,348","59,495","11,129","36,489",205,960,"1,431","3,423","3,490","2,368","17,853","7,333","2,586","3,796","2,480","1,658"
ualad09:Horsham,"94,318","69,240","13,926","38,028",425,"2,134","3,685","5,967","2,557","2,518","25,078","14,601","3,291","3,949","2,030","1,207"
ualad09:Mid Sussex,"100,252","75,025","15,173","42,302",404,"2,095","3,644","6,323","2,435","2,649","25,227","14,203","3,568","4,038","2,050","1,368"
ualad09:Worthing,"74,338","53,630","11,186","29,536",239,"1,235","2,272","4,236","2,578","2,348","20,708","11,426","2,277","2,722","3,087","1,196"
ualad09:Bath and North East Somerset,"130,550","89,752","18,818","46,367",526,"2,506","4,158","7,116","3,548","6,713","40,798","17,896","13,209","4,289","3,610","1,794"
ualad09:Bournemouth,"137,574","96,017","18,289","51,149",513,"2,374","3,646","7,433","5,262","7,351","41,557","16,837","11,098","4,887","6,176","2,559"
"ualad09:Bristol, City of","321,506","227,119","42,980","127,829",909,"4,352","7,308","14,537","13,817","15,387","94,387","31,534","28,932","12,556","13,973","7,392"
ualad09:Cornwall,"388,858","259,484","59,778","123,195","1,967","10,229","14,046","26,771","12,694","10,804","129,374","73,605","16,726","15,517","16,980","6,546"
ualad09:Isles of Scilly,"1,622","1,331",220,653,17,124,82,210,18,7,291,209,13,26,14,29
ualad09:North Somerset,"145,352","102,607","23,117","55,596",527,"2,957","4,172","7,770","4,350","4,118","42,745","25,366","4,591","5,082","5,607","2,099"
ualad09:Plymouth,"191,786","127,742","28,356","69,234",529,"2,429","3,245","6,913","8,136","8,900","64,044","27,019","16,060","7,482","10,042","3,441"
ualad09:Poole,"106,391","75,720","16,215","42,040",427,"1,951","2,950","5,560","3,413","3,164","30,671","17,178","4,008","4,338","3,486","1,661"
ualad09:South Gloucestershire,"192,468","143,198","31,453","82,489",584,"3,131","4,158","9,274","5,354","6,755","49,270","27,390","7,885","6,244","4,872","2,879"
ualad09:Swindon,"154,080","117,039","22,137","71,912",329,"2,027","2,891","6,814","6,518","4,411","37,041","17,868","4,895","6,301","5,271","2,706"
ualad09:Torbay,"94,000","61,795","14,782","29,537",421,"1,999","2,683","5,644","4,275","2,454","32,205","18,416","3,032","3,624","5,454","1,679"
ualad09:Wiltshire,"339,595","250,792","50,806","143,218","1,269","6,965","10,635","19,233","9,999","8,667","88,803","49,893","11,119","13,554","9,102","5,135"
ualad09:East Devon,"92,782","62,455","14,837","30,193",513,"2,626","3,614","6,295","2,270","2,107","30,327","20,750","2,719","3,038","2,617","1,203"
ualad09:Exeter,"89,544","60,870","13,348","33,015",218,"1,172","1,878","3,502","2,739","4,998","28,674","9,976","11,484","2,634","3,127","1,453"
ualad09:Mid Devon,"55,847","40,218","8,789","20,163",292,"1,584","2,174","4,512","1,513","1,191","15,629","9,194","1,775","2,072","1,739",849
ualad09:North Devon,"67,507","47,119","11,045","22,505",363,"1,883","2,409","5,177","2,052","1,685","20,388","12,257","2,023","2,584","2,477","1,047"
ualad09:South Hams,"60,617","41,639","9,180","18,979",403,"1,969","3,196","5,008","1,422","1,482","18,978","12,247","1,974","1,968","1,868",921
ualad09:Teignbridge,"89,471","61,845","14,300","30,983",460,"2,269","3,259","5,837","2,477","2,260","27,626","17,009","2,694","2,944","3,182","1,797"
ualad09:Torridge,"46,510","31,158","7,250","13,948",261,"1,455","1,856","3,922","1,586",880,"15,352","9,527","1,428","1,796","1,879",722
ualad09:West Devon,"38,941","26,543","5,918","12,110",228,"1,188","1,740","3,289","1,197",873,"12,398","7,630","1,272","1,338","1,333",825
ualad09:Christchurch,"32,645","21,420","5,102","10,786",155,659,"1,072","1,857","1,007",782,"11,225","7,490","1,067","1,159","1,054",455
ualad09:East Dorset,"61,047","41,576","9,661","21,297",290,"1,361","2,168","3,826","1,309","1,664","19,471","13,495","1,617","2,239","1,354",766
ualad09:North Dorset,"49,140","34,878","7,183","18,705",242,"1,184","1,838","3,462","1,301",963,"14,262","8,374","1,896","1,817","1,302",873
ualad09:Purbeck,"32,379","22,400","5,222","11,568",171,752,"1,102","1,928",899,758,"9,979","6,493",909,"1,131",952,494
ualad09:West Dorset,"70,359","47,566","10,923","23,139",387,"1,924","3,035","4,904","1,616","1,638","22,793","14,917","2,363","2,415","2,063","1,035"
ualad09:Weymouth and Portland,"47,871","32,103","8,174","16,457",157,867,"1,119","2,272","1,854","1,203","15,768","8,694","1,484","1,795","2,355","1,440"
ualad09:Cheltenham,"86,090","62,763","11,506","36,092",277,"1,395","2,339","4,229","2,878","4,047","23,327","10,916","5,402","3,049","2,583","1,377"
ualad09:Cotswold,"60,075","43,206","8,703","21,933",350,"1,926","2,779","4,612","1,491","1,412","16,869","9,762","2,666","2,321","1,290",830
ualad09:Forest of Dean,"60,341","41,490","9,008","21,356",242,"1,402","1,949","3,877","2,084","1,572","18,851","10,701","2,640","2,327","2,244",939
ualad09:Gloucester,"88,942","65,740","14,303","38,442",217,"1,095","1,454","3,479","3,791","2,959","23,202","10,726","3,705","3,522","3,517","1,732"
ualad09:Stroud,"81,955","59,980","12,899","31,910",370,"1,919","3,276","5,215","2,306","2,085","21,975","12,806","2,929","2,866","2,275","1,099"
ualad09:Tewkesbury,"59,685","43,454","9,008","24,881",229,"1,239","1,805","3,184","1,682","1,426","16,231","10,057","1,772","2,155","1,417",830
ualad09:Mendip,"78,653","56,462","12,726","28,252",391,"1,959","3,275","5,569","2,297","1,993","22,191","12,049","3,333","2,934","2,594","1,281"
ualad09:Sedgemoor,"82,903","57,966","13,097","30,108",311,"1,846","2,445","4,944","2,972","2,243","24,937","14,122","2,793","3,357","3,299","1,366"
ualad09:South Somerset,"115,790","82,390","18,305","44,645",430,"2,452","3,630","7,036","3,170","2,722","33,400","20,745","3,418","4,125","3,539","1,573"
ualad09:Taunton Deane,"78,921","56,832","12,872","30,983",290,"1,546","2,232","4,357","2,223","2,329","22,089","12,292","3,124","2,675","2,838","1,160"
ualad09:West Somerset,"24,918","16,118","3,626","7,290",139,742,"1,123","2,065",688,445,"8,800","5,764",754,844,"1,047",391
ualad09:Anglesey,"50,818","33,023","6,949","17,274",247,"1,134","1,157","2,662","2,381","1,219","17,795","10,150","2,266","1,891","2,592",896
ualad09:Gwynedd,"88,913","57,995","12,300","27,834",373,"2,464","2,326","5,766","3,176","3,756","30,918","14,561","7,814","3,062","3,867","1,614"
ualad09:Conwy,"81,906","53,792","12,398","26,697",346,"2,077","1,948","4,773","3,362","2,191","28,114","16,178","3,453","2,684","4,363","1,436"
ualad09:Denbighshire,"67,676","44,409","9,696","23,121",265,"1,587","1,518","3,601","2,857","1,764","23,267","12,487","3,239","2,314","4,088","1,139"
ualad09:Flintshire,"112,325","78,957","16,875","45,785",372,"1,844","2,052","4,611","4,332","3,086","33,368","18,839","4,240","3,858","4,829","1,602"
ualad09:Wrexham,"98,691","68,413","14,567","39,011",316,"1,740","1,692","3,797","4,128","3,162","30,278","14,983","4,409","3,799","5,269","1,818"
ualad09:Powys,"96,069","66,846","13,955","31,210",482,"3,109","3,399","9,715","2,928","2,048","29,223","17,283","3,539","3,036","3,926","1,439"
ualad09:Ceredigion,"57,405","35,064","6,612","15,161",218,"1,587","1,776","4,677","1,469","3,564","22,341","9,550","7,835","1,610","2,521",825
ualad09:Pembrokeshire,"88,049","58,120","13,507","27,231",449,"2,675","2,652","6,087","3,555","1,964","29,929","16,505","3,311","3,766","4,693","1,654"
ualad09:Carmarthenshire,"132,930","86,217","18,475","44,839",498,"2,952","2,955","8,237","4,962","3,299","46,713","24,097","5,992","5,007","9,055","2,562"
ualad09:Swansea,"176,971","111,460","25,141","59,606",558,"2,708","2,858","5,542","6,831","8,216","65,511","27,684","15,342","6,565","12,146","3,774"
ualad09:Neath Port Talbot,"102,986","64,110","14,335","36,977",268,"1,257","1,368","3,015","4,630","2,260","38,876","17,837","4,397","4,446","9,839","2,357"
ualad09:Bridgend,"102,805","66,449","14,633","38,066",272,"1,495","1,556","3,411","4,687","2,329","36,356","17,204","4,228","3,986","7,899","3,039"
ualad09:The Vale of Glamorgan,"91,816","63,384","13,657","34,955",375,"2,039","2,101","4,016","3,956","2,285","28,432","14,912","4,235","3,362","4,414","1,509"
ualad09:Cardiff,"260,268","174,753","32,468","97,170",750,"3,901","4,622","9,044","11,566","15,232","85,515","27,061","28,383","10,403","13,477","6,191"
"ualad09:Rhondda, Cynon, Taff","172,047","108,730","23,068","61,225",402,"2,423","2,181","6,027","8,104","5,300","63,317","27,595","9,914","7,007","14,854","3,947"
ualad09:Merthyr Tydfil,"43,377","27,833","5,913","15,882",111,592,501,"1,286","2,481","1,067","15,544","6,690","2,078","1,678","4,107",991
ualad09:Caerphilly,"130,950","84,932","17,292","50,160",342,"1,842","1,657","4,061","6,731","2,847","46,018","21,032","5,869","5,645","10,731","2,741"
ualad09:Blaenau Gwent,"51,809","32,145","6,763","18,147",132,586,522,"1,366","3,557","1,072","19,664","8,709","2,245","2,312","4,995","1,403"
ualad09:Torfaen,"66,107","43,820","9,535","25,574",177,854,793,"2,032","3,163","1,692","22,287","11,115","2,662","2,897","4,410","1,203"
ualad09:Monmouthshire,"66,107","45,272","9,352","24,246",293,"1,648","2,001","4,014","2,217","1,501","20,835","11,640","2,838","2,426","2,646","1,285"
ualad09:Newport,"105,141","71,011","15,531","39,177",318,"1,593","1,615","3,368","5,616","3,793","34,130","15,389","5,591","4,642","6,039","2,469"
