2011 census qs201ew - ethnic group,,,,,,,,,,,,,,,,,,,,,,,,
ONS Crown Copyright Reserved [from Nomis on 13 April 2013],,,,,,,,,,,,,,,,,,,,,,,,
,,,,,,,,,,,,,,,,,,,,,,,,
population,All usual residents,,,,,,,,,,,,,,,,,,,,,,,
units,Persons,,,,,,,,,,,,,,,,,,,,,,,
date,2011,,,,,,,,,,,,,,,,,,,,,,,
,,,,,,,,,,,,,,,,,,,,,,,,
Area,All categories: Ethnic group,White,White: English/Welsh/Scottish/Northern Irish/British,White: Irish,White: Gypsy or Irish Traveller,White: Other White,Mixed,Mixed/multiple ethnic group: White and Black Caribbean,Mixed/multiple ethnic group: White and Black African,Mixed/multiple ethnic group: White and Asian,Mixed/multiple ethnic group: Other Mixed,Asian,Asian/Asian British: Indian,Asian/Asian British: Pakistani,Asian/Asian British: Bangladeshi,Asian/Asian British: Chinese,Asian/Asian British: Other Asian,Black,Black/African/Caribbean/Black British: African,Black/African/Caribbean/Black British: Caribbean,Black/African/Caribbean/Black British: Other Black,Other,Other ethnic group: Arab,Other ethnic group: Any other ethnic group
uacounty09:Darlington,"105,564","101,595","98,898",328,350,"2,019","1,146",463,97,350,236,"2,205",726,145,523,349,462,357,206,105,46,261,112,149
uacounty09:County Durham,"513,242","503,769","495,664","1,229",467,"6,409","3,094",969,321,"1,093",711,"4,856","1,368",463,241,"1,598","1,186",701,447,158,96,822,459,363
uacounty09:Hartlepool,"92,028","89,899","88,924",193,40,742,550,180,54,173,143,"1,304",266,291,214,229,304,170,129,36,5,105,57,48
uacounty09:Middlesbrough,"138,412","122,055","119,106",574,85,"2,290","2,362",541,452,904,465,"10,768","1,477","6,811",244,904,"1,332","1,731","1,470",92,169,"1,496",950,546
uacounty09:Northumberland,"316,028","311,066","307,097",833,156,"2,980","1,692",515,230,624,323,"2,658",939,351,295,452,621,338,193,114,31,274,73,201
uacounty09:Redcar and Cleveland,"135,177","133,203","131,928",415,85,775,853,298,107,273,175,869,91,295,94,155,234,122,80,34,8,130,37,93
uacounty09:Stockton-on-Tees,"191,610","181,299","178,965",536,143,"1,655","1,997",419,316,823,439,"6,632","1,488","3,072",132,866,"1,074","1,133",936,84,113,549,236,313
uacounty09:Gateshead,"200,214","192,742","188,355",592,87,"3,708","1,558",412,260,523,363,"3,738",916,617,242,"1,054",909,"1,081",903,90,88,"1,095",289,806
uacounty09:Newcastle upon Tyne,"280,177","239,533","229,520","1,826",163,"8,024","4,279",830,859,"1,609",981,"27,107","5,072","6,364","4,692","6,037","4,942","5,160","4,664",217,279,"4,098","2,602","1,496"
uacounty09:North Tyneside,"200,801","194,025","190,936",596,29,"2,464","1,815",448,385,602,380,"3,815","1,095",319,686,869,846,734,576,91,67,412,177,235
uacounty09:South Tyneside,"148,127","142,099","140,821",305,9,964,"1,325",324,229,440,332,"3,311",643,434,"1,534",235,465,420,316,61,43,972,566,406
uacounty09:Sunderland,"275,506","264,282","261,209",608,70,"2,395","1,778",539,239,608,392,"7,336","1,736",669,"2,075","1,536","1,320","1,273","1,062",111,100,837,292,545
uacounty09:Blackburn with Darwen,"147,489","102,009","98,144",794,161,"2,910","1,823",315,162,989,357,"41,494","19,791","17,801","1,525",721,"1,656",933,614,202,117,"1,230",585,645
uacounty09:Blackpool,"142,065","137,339","133,042","1,029",237,"3,031","1,753",690,264,448,351,"2,282",627,223,231,514,687,346,183,111,52,345,170,175
uacounty09:Cheshire East,"370,127","357,940","346,264","2,241",313,"9,122","3,873","1,341",461,"1,293",778,"6,060","2,147",856,504,"1,125","1,428","1,402",664,511,227,852,338,514
uacounty09:Cheshire West and Chester,"329,608","321,025","312,013","2,337",213,"6,462","3,050",889,411,"1,059",691,"4,097","1,242",336,576,935,"1,008",908,586,196,126,528,199,329
uacounty09:Halton,"125,746","123,041","121,210",654,41,"1,136","1,356",465,253,330,308,943,282,44,60,308,249,260,95,134,31,146,54,92
uacounty09:Warrington,"202,228","193,992","187,968","1,357",66,"4,601","2,144",654,357,663,470,"4,911","1,803","1,179",152,849,928,694,389,214,91,487,237,250
uacounty09:Cumbria,"499,858","492,257","482,124","1,552",315,"8,266","2,504",751,314,881,558,"4,066",892,316,486,"1,153","1,219",579,373,141,65,452,153,299
uacounty09:Bolton,"276,786","226,645","219,794","1,694",214,"4,943","4,892","1,576",678,"1,826",812,"38,749","21,665","12,026",614,"1,423","3,021","4,652","3,451",608,593,"1,848",727,"1,121"
uacounty09:Bury,"185,060","165,032","157,897","2,357",72,"4,706","3,365","1,307",444,"1,005",609,"13,407","1,387","9,002",311,"1,100","1,607","1,893","1,116",593,184,"1,363",465,898
uacounty09:Manchester,"503,127","335,109","298,237","11,843",509,"24,520","23,161","8,877","4,397","4,791","5,096","85,986","11,417","42,904","6,437","13,539","11,689","43,484","25,718","9,642","8,124","15,387","9,503","5,884"
uacounty09:Oldham,"224,897","174,326","169,955","1,484",62,"2,825","4,057","1,950",440,"1,131",536,"43,165","1,555","22,686","16,310",726,"1,888","2,797","1,640",839,318,552,154,398
uacounty09:Rochdale,"211,699","172,874","166,481","2,131",186,"4,076","3,569","1,057",601,"1,348",563,"31,630","1,105","22,265","4,342",948,"2,970","2,770","2,131",285,354,856,308,548
uacounty09:Salford,"233,933","210,862","197,445","2,882",193,"10,342","4,616","1,647","1,058",929,982,"9,429","2,553","1,843",605,"2,547","1,881","6,541","5,354",666,521,"2,485","1,425","1,060"
uacounty09:Stockport,"283,275","260,819","252,044","3,938",58,"4,779","5,104","1,734",775,"1,460","1,135","13,762","2,786","6,673",705,"1,722","1,876","1,958",976,745,237,"1,632",727,905
uacounty09:Tameside,"219,324","199,429","194,115","1,613",38,"3,663","3,159","1,310",506,849,494,"14,553","3,668","4,910","4,296",951,728,"1,784","1,188",371,225,399,154,245
uacounty09:Trafford,"226,578","193,834","182,200","5,098",40,"6,496","6,031","2,658",669,"1,535","1,169","17,973","6,306","7,027",457,"2,232","1,951","6,540","1,807","3,802",931,"2,200","1,259",941
uacounty09:Wigan,"317,849","309,193","303,519","1,459",151,"4,064","2,756","1,015",429,783,529,"3,519","1,019",676,109,891,824,"1,678","1,310",216,152,703,304,399
uacounty09:Lancashire,"1,171,339","1,080,687","1,050,340","7,125",821,"22,401","12,724","4,573","1,279","4,571","2,301","71,054","19,212","36,103","5,811","4,811","5,117","4,098","1,891","1,789",418,"2,776","1,387","1,389"
uacounty09:Knowsley,"145,893","141,858","140,135",747,6,970,"1,913",683,517,375,338,"1,403",467,81,10,446,399,505,297,127,81,214,98,116
uacounty09:Liverpool,"466,415","414,671","395,485","6,729",185,"12,272","11,756","3,473","3,164","2,283","2,836","19,403","4,915","1,999","1,075","7,978","3,436","12,308","8,490","1,467","2,351","8,277","5,629","2,648"
uacounty09:Sefton,"273,790","266,741","259,629","2,312",120,"4,680","2,820",830,488,760,742,"2,719",666,127,308,965,653,796,464,223,109,714,327,387
uacounty09:St. Helens,"175,308","171,877","169,346",887,69,"1,575","1,179",445,167,271,296,"1,764",504,133,122,512,493,248,152,60,36,240,117,123
uacounty09:Wirral,"319,783","310,156","303,682","2,667",77,"3,730","3,286",964,558,949,815,"5,116","1,344",226,851,"1,653","1,042",695,389,189,117,530,208,322
uacounty09:East Riding of Yorkshire,"334,179","327,789","321,309",908,227,"5,345","2,301",683,367,785,466,"2,961","1,081",396,69,660,755,598,355,175,68,530,289,241
"uacounty09:Kingston upon Hull, City of","256,406","241,321","229,920",550,284,"10,567","3,454",871,821,945,817,"6,471","1,086",882,755,"2,124","1,624","2,996","2,472",236,288,"2,164","1,134","1,030"
uacounty09:North East Lincolnshire,"159,616","155,421","152,240",414,26,"2,741","1,186",381,161,369,275,"2,129",513,195,268,605,548,411,306,71,34,469,265,204
uacounty09:North Lincolnshire,"167,446","160,748","154,526",727,90,"5,405","1,244",341,166,451,286,"4,549","1,122",862,"1,443",530,592,494,365,64,65,411,173,238
uacounty09:York,"198,051","186,731","178,613","1,103",269,"6,746","2,413",529,305,873,706,"6,740","1,531",417,370,"2,449","1,973","1,194",903,205,86,973,498,475
uacounty09:North Yorkshire,"598,376","582,475","565,055","2,381",588,"14,451","5,043","1,315",662,"1,821","1,245","7,356","1,631",894,275,"1,733","2,823","2,424","1,428",372,624,"1,078",357,721
uacounty09:Barnsley,"231,221","226,285","222,164",567,163,"3,391","1,630",644,178,434,374,"1,661",442,211,60,440,508,"1,221",995,149,77,424,168,256
uacounty09:Doncaster,"302,402","288,066","277,740","1,183",587,"8,556","3,321","1,413",440,877,591,"7,614","1,865","2,728",117,"1,121","1,783","2,337","1,309",778,250,"1,064",231,833
uacounty09:Rotherham,"257,280","240,758","236,438",776,126,"3,418","2,551",787,301,865,598,"10,551",961,"7,609",109,592,"1,280","2,112","1,672",283,157,"1,308",581,727
uacounty09:Sheffield,"552,698","462,544","446,837","2,891",358,"12,458","13,289","5,450","1,296","3,490","3,053","44,385","5,868","21,990","3,326","7,398","5,803","20,082","11,543","5,506","3,033","12,398","8,432","3,966"
uacounty09:Bradford,"522,452","352,317","333,628","2,541",433,"15,715","12,979","4,663",875,"5,677","1,764","140,149","13,555","106,614","9,863","2,086","8,031","9,267","4,993","3,581",693,"7,740","3,714","4,026"
uacounty09:Calderdale,"203,826","182,787","176,732","1,795",80,"4,180","2,797","1,097",247,907,546,"16,875","1,130","13,904",574,459,808,899,479,320,100,468,111,357
uacounty09:Kirklees,"422,458","334,270","323,890","2,635",158,"7,587","9,790","5,167",641,"2,714","1,268","67,782","20,797","41,802",731,"1,452","3,000","7,905","2,364","4,626",915,"2,711","1,214","1,497"
uacounty09:Leeds,"751,485","639,487","609,714","7,031",687,"22,055","19,632","8,813","2,493","4,906","3,420","58,243","16,130","22,492","4,432","5,933","9,256","25,893","14,894","6,728","4,271","8,230","3,791","4,439"
uacounty09:Wakefield,"325,837","310,957","302,331",908,302,"7,416","2,928","1,087",368,894,579,"8,498","1,540","4,896",32,853,"1,177","2,512","1,955",326,231,942,382,560
uacounty09:Derby,"248,752","199,751","187,386","2,319",295,"9,751","7,232","3,916",533,"1,772","1,011","31,095","10,907","14,620",658,"1,292","3,618","7,320","3,156","3,405",759,"3,354",861,"2,493"
uacounty09:Leicester,"329,839","166,636","148,629","2,524",417,"15,066","11,580","4,691","1,161","3,388","2,340","122,470","93,335","8,067","3,642","4,245","13,181","20,585","12,480","4,790","3,315","8,568","3,311","5,257"
uacounty09:Nottingham,"305,680","218,698","199,990","2,819",326,"15,563","20,265","12,166","2,004","3,304","2,791","40,039","9,901","16,771","1,049","5,988","6,330","22,185","9,877","9,382","2,926","4,493","2,372","2,121"
uacounty09:Rutland,"37,369","36,301","35,241",217,58,785,389,123,23,141,102,365,113,38,7,125,82,251,116,107,28,63,5,58
uacounty09:Derbyshire,"769,686","750,094","737,034","3,154",311,"9,595","7,119","3,173",678,"2,053","1,215","8,795","4,132",979,229,"1,727","1,728","2,770","1,303","1,153",314,908,251,657
uacounty09:Leicestershire,"650,489","594,767","578,432","3,528",411,"12,396","8,551","3,024",714,"3,262","1,551","40,777","28,598","2,099","2,313","3,502","4,265","3,787","1,990","1,379",418,"2,607",866,"1,741"
uacounty09:Lincolnshire,"713,653","696,484","663,741","3,278",617,"28,848","6,190","2,073",815,"1,798","1,504","7,316","2,474",584,496,"1,737","2,025","2,561","1,540",661,360,"1,102",420,682
uacounty09:Northamptonshire,"691,952","632,822","592,755","6,704",527,"32,836","14,182","6,064","1,925","3,251","2,942","25,427","12,264","2,312","4,264","2,846","3,741","16,923","9,552","5,254","2,117","2,598",845,"1,753"
uacounty09:Nottinghamshire,"785,802","750,803","727,938","4,133",456,"18,276","10,716","5,174",961,"2,719","1,862","17,139","7,204","3,470",600,"2,942","2,923","5,102","1,754","2,782",566,"2,042",815,"1,227"
"uacounty09:Herefordshire, County of","183,477","180,169","171,922",709,363,"7,175","1,270",407,146,415,302,"1,439",490,80,32,277,560,331,160,103,68,268,105,163
uacounty09:Shropshire,"306,129","299,874","292,047","1,410",312,"6,105","2,168",765,231,669,503,"3,089",752,216,208,"1,020",893,580,302,164,114,418,179,239
uacounty09:Stoke-on-Trent,"249,008","220,712","215,222",636,183,"4,671","4,491","1,892",559,"1,347",693,"18,442","2,329","10,429","1,097","1,224","3,363","3,741","2,536",834,371,"1,622",408,"1,214"
uacounty09:Telford and Wrekin,"166,641","154,415","149,096",729,166,"4,424","2,983","1,423",278,799,483,"6,991","3,076","2,243",162,647,863,"1,779","1,023",607,149,473,86,387
uacounty09:Staffordshire,"848,489","811,615","793,809","3,853",433,"13,520","9,604","4,572",675,"2,708","1,649","20,656","6,452","7,023",651,"2,726","3,804","4,810","1,735","2,446",629,"1,804",569,"1,235"
uacounty09:Warwickshire,"545,474","505,688","482,607","5,216",494,"17,371","7,949","3,090",698,"2,606","1,555","25,096","16,435","1,728",284,"2,349","4,300","4,443","2,173","1,733",537,"2,298",467,"1,831"
uacounty09:Birmingham,"1,073,045","621,636","570,217","22,021",408,"28,990","47,605","24,720","3,223","11,186","8,476","285,640","64,621","144,627","32,532","12,712","31,148","96,360","29,991","47,641","18,728","21,804","10,910","10,894"
uacounty09:Coventry,"316,960","234,029","211,188","7,305",151,"15,385","8,230","3,672",943,"2,388","1,227","51,598","27,751","9,510","2,951","3,728","7,658","17,764","12,836","3,317","1,611","5,339","2,020","3,319"
uacounty09:Dudley,"312,925","281,607","277,050","1,170",352,"3,035","5,758","3,477",250,"1,277",754,"18,942","5,737","10,339",397,876,"1,593","4,671","1,402","2,658",611,"1,947","1,259",688
uacounty09:Sandwell,"308,063","215,471","202,822","2,045",141,"10,463","10,199","6,163",515,"2,043","1,478","59,258","31,400","13,952","6,588",839,"6,479","18,357","4,396","11,382","2,579","4,778",901,"3,877"
uacounty09:Solihull,"206,674","184,244","177,248","3,935",70,"2,991","4,404","2,395",247,"1,156",606,"13,561","7,098","3,413",633,906,"1,511","3,239",852,"1,930",457,"1,226",358,868
uacounty09:Walsall,"269,323","212,469","207,238","1,181",287,"3,763","7,224","4,312",321,"1,754",837,"41,022","16,502","14,289","5,194",993,"4,044","6,369","1,999","3,197","1,173","2,239",222,"2,017"
uacounty09:Wolverhampton,"249,470","169,682","160,945","1,526",209,"7,002","12,784","8,495",554,"2,160","1,575","44,960","32,162","4,415",432,"1,376","6,575","17,309","4,081","9,507","3,721","4,735",359,"4,376"
uacounty09:Worcestershire,"566,169","542,058","522,922","3,480","1,165","14,491","7,045","3,150",592,"2,053","1,250","13,741","3,634","4,984","1,316","1,601","2,206","2,372",767,"1,275",330,953,236,717
uacounty09:Bedford,"157,479","126,846","112,588","1,683",115,"12,460","5,386","2,396",587,"1,366","1,037","17,932","8,122","3,270","3,225",905,"2,410","6,202","2,741","2,843",618,"1,113",331,782
uacounty09:Central Bedfordshire,"254,381","238,722","228,053","3,149",478,"7,042","4,789","1,787",522,"1,474","1,006","6,402","2,533",442,214,"1,404","1,809","3,614","2,054","1,230",330,854,357,497
uacounty09:Luton,"203,201","111,079","90,530","6,126",198,"14,225","8,281","3,831",915,"1,805","1,730","60,952","10,625","29,353","13,606","1,497","5,871","19,909","9,169","8,177","2,563","2,980","1,646","1,334"
uacounty09:Peterborough,"183,631","151,544","130,232","1,257",560,"19,495","4,948","1,542",827,"1,384","1,195","21,492","4,636","12,078",229,872,"3,677","4,164","2,480","1,174",510,"1,483",428,"1,055"
uacounty09:Southend-on-Sea,"173,658","159,023","151,136","1,496",162,"6,229","3,651","1,039",741,977,894,"6,440","1,810","1,059",933,"1,084","1,554","3,647","2,728",524,395,897,297,600
uacounty09:Thurrock,"157,705","135,429","127,587","1,108",308,"6,426","3,099","1,056",670,683,690,"5,927","2,234",534,682,828,"1,649","12,323","9,742","1,336","1,245",927,254,673
uacounty09:Cambridgeshire,"621,210","574,987","524,617","4,908","1,508","43,954","11,081","2,510","1,385","3,895","3,291","25,638","7,430","2,373","2,562","6,723","6,550","6,010","3,426","1,647",937,"3,494","1,370","2,124"
uacounty09:Essex,"1,393,587","1,313,856","1,264,877","11,165","2,161","35,653","20,885","6,936","2,801","6,173","4,975","34,860","12,456","3,462","2,747","6,361","9,834","18,709","12,143","4,556","2,010","5,277","2,042","3,235"
uacounty09:Hertfordshire,"1,116,062","977,495","902,006","17,260","1,149","57,080","27,497","8,899","3,250","8,703","6,645","72,581","28,848","12,302","5,608","8,462","17,361","31,401","19,722","8,713","2,966","7,088","2,359","4,729"
uacounty09:Norfolk,"857,888","828,018","793,086","3,677",922,"30,333","10,027","2,493","1,905","2,979","2,650","13,017","4,043",700,933,"3,208","4,133","4,609","3,096",905,608,"2,217",963,"1,254"
uacounty09:Suffolk,"728,163","693,195","661,458","3,744",604,"27,389","12,472","4,733","1,785","2,787","3,167","13,131","3,999",697,"2,253","2,159","4,023","6,854","2,624","2,509","1,721","2,511",320,"2,191"
uacounty09:Camden,"220,338","146,055","96,937","7,053",167,"41,898","12,322","2,494","1,800","3,880","4,148","35,446","6,083","1,489","12,503","6,493","8,878","18,060","10,802","3,496","3,762","8,455","3,432","5,023"
uacounty09:City of London,"7,375","5,799","4,243",180,3,"1,373",289,38,37,111,103,940,216,16,232,263,213,193,98,46,49,154,69,85
uacounty09:Hackney,"246,270","134,617","89,030","5,216",474,"39,897","15,869","4,989","2,866","3,020","4,994","25,867","7,599","1,905","6,180","3,436","6,747","56,858","27,976","19,168","9,714","13,059","1,721","11,338"
uacounty09:Hammersmith and Fulham,"182,493","124,222","81,989","6,321",217,"35,695","10,044","2,769","1,495","2,649","3,131","16,635","3,451","1,612","1,056","3,140","7,376","21,505","10,552","7,111","3,842","10,087","5,228","4,859"
uacounty09:Haringey,"254,926","154,343","88,424","6,997",370,"58,552","16,548","4,856","2,609","3,738","5,345","24,150","5,945","1,920","4,417","3,744","8,124","47,830","23,037","18,087","6,706","12,055","2,229","9,826"
uacounty09:Islington,"206,125","140,515","98,322","8,140",163,"33,890","13,339","4,236","1,912","2,964","4,227","19,034","3,534",951,"4,662","4,457","5,430","26,294","12,622","7,943","5,729","6,943","1,893","5,050"
uacounty09:Kensington and Chelsea,"158,649","112,017","62,271","3,715",119,"45,912","8,986","1,695","1,148","3,021","3,122","15,861","2,577",911,836,"3,968","7,569","10,333","5,536","3,257","1,540","11,452","6,455","4,997"
uacounty09:Lambeth,"303,086","173,025","118,250","7,456",195,"47,124","23,160","8,302","4,301","3,574","6,983","20,938","4,983","3,072","2,221","4,573","6,089","78,542","35,187","28,886","14,469","7,421","1,728","5,693"
uacounty09:Lewisham,"275,885","147,686","114,446","5,206",208,"27,826","20,472","8,539","3,559","3,045","5,329","25,534","4,600","1,596","1,388","6,164","11,786","74,942","32,025","30,854","12,063","7,251","1,456","5,795"
uacounty09:Newham,"307,984","89,216","51,516","2,172",462,"35,066","13,945","3,957","3,319","2,677","3,992","133,895","42,484","30,307","37,262","3,930","19,912","60,256","37,811","15,050","7,395","10,672","3,523","7,149"
uacounty09:Southwark,"288,283","156,349","114,534","6,222",263,"35,330","17,778","5,677","3,687","3,003","5,411","27,192","5,819","1,623","3,912","8,074","7,764","77,511","47,413","17,974","12,124","9,453","2,440","7,013"
uacounty09:Tower Hamlets,"254,096","114,819","79,231","3,863",175,"31,550","10,360","2,837","1,509","2,961","3,053","104,501","6,787","2,442","81,377","8,109","5,786","18,629","9,495","5,341","3,793","5,787","2,573","3,214"
uacounty09:Wandsworth,"306,995","219,216","163,739","7,664",163,"47,650","15,241","4,642","2,034","3,887","4,678","33,338","8,642","9,718","1,493","3,715","9,770","32,756","14,818","12,297","5,641","6,444","2,350","4,094"
uacounty09:Westminster,"219,396","135,330","77,334","4,960",76,"52,960","11,395","1,869","1,927","3,584","4,015","31,862","7,213","2,328","6,299","5,917","10,105","16,472","9,141","4,449","2,882","24,337","15,724","8,613"
uacounty09:Barking and Dagenham,"185,911","108,386","91,949","1,730",182,"14,525","7,878","2,669","2,128","1,246","1,835","29,594","7,436","8,007","7,701","1,315","5,135","37,140","28,685","5,227","3,228","2,913",973,"1,940"
uacounty09:Barnet,"356,386","228,553","162,117","8,685",151,"57,600","17,169","3,097","3,112","5,882","5,078","65,918","27,920","5,344","2,215","8,259","22,180","27,431","19,392","4,468","3,571","17,315","5,210","12,105"
uacounty09:Bexley,"231,997","189,962","179,250","2,596",624,"7,492","5,395","1,676",983,"1,369","1,367","15,243","7,047",730,777,"2,514","4,175","19,624","15,952","2,381","1,291","1,773",303,"1,470"
uacounty09:Brent,"311,215","112,880","55,887","12,320",320,"44,353","15,775","4,291","2,820","3,642","5,022","105,986","58,017","14,381","1,749","3,250","28,589","58,632","24,391","23,723","10,518","17,942","11,430","6,512"
uacounty09:Bromley,"309,392","260,870","239,478","4,463",580,"16,349","10,897","3,897","1,335","3,016","2,649","16,067","6,215","1,014","1,265","2,768","4,805","18,686","9,819","6,609","2,258","2,872",870,"2,002"
uacounty09:Croydon,"363,378","200,195","171,740","5,369",234,"22,852","23,895","9,650","3,279","5,140","5,826","59,627","24,660","10,865","2,570","3,925","17,607","73,256","28,981","31,320","12,955","6,405","1,701","4,704"
uacounty09:Ealing,"338,449","165,818","103,035","10,428",300,"52,055","15,066","3,939","1,989","4,653","4,485","100,439","48,240","14,711","1,786","4,132","31,570","36,860","17,299","13,192","6,369","20,266","9,804","10,462"
uacounty09:Enfield,"312,466","190,640","126,450","6,899",344,"56,947","17,183","4,852","2,384","4,189","5,758","34,893","11,648","2,594","5,599","2,588","12,464","53,687","28,222","17,334","8,131","16,063","1,930","14,133"
uacounty09:Greenwich,"254,557","159,002","133,130","4,291",430,"21,151","12,274","4,011","2,699","2,361","3,203","29,894","7,836","2,594","1,645","5,061","12,758","48,655","35,164","8,051","5,440","4,732","1,069","3,663"
uacounty09:Harrow,"239,056","100,991","73,826","7,336",181,"19,648","9,499","2,344","1,053","3,417","2,685","101,808","63,051","7,797","1,378","2,629","26,953","19,708","8,526","6,812","4,370","7,050","3,708","3,342"
uacounty09:Havering,"237,232","207,949","197,615","2,989",160,"7,185","4,933","1,970",712,"1,154","1,097","11,545","5,017","1,492",975,"1,459","2,602","11,481","7,581","2,885","1,015","1,324",311,"1,013"
uacounty09:Hillingdon,"273,936","166,031","142,916","5,949",344,"16,822","10,479","2,719","1,409","3,602","2,749","69,253","36,795","9,200","2,639","2,889","17,730","20,082","11,275","4,615","4,192","8,091","2,925","5,166"
uacounty09:Hounslow,"253,957","130,505","96,264","4,775",183,"29,283","10,349","2,273","1,730","3,390","2,956","87,257","48,161","13,676","2,189","2,405","20,826","16,813","10,787","3,381","2,645","9,033","3,638","5,395"
uacounty09:Kingston upon Thames,"160,060","119,219","101,015","2,718",95,"15,391","6,269","1,238",700,"2,500","1,831","26,152","6,325","3,009",892,"2,883","13,043","4,021","2,616","1,027",378,"4,399","2,439","1,960"
uacounty09:Merton,"199,693","129,606","96,658","4,417",216,"28,315","9,334","2,579","1,279","2,829","2,647","36,143","8,106","7,337","2,216","2,618","15,866","20,811","10,442","8,126","2,243","3,799","1,413","2,386"
uacounty09:Redbridge,"278,970","118,646","96,253","3,900",140,"18,353","11,456","3,204","1,692","3,251","3,309","116,503","45,660","31,051","16,011","3,000","20,781","24,845","12,357","9,064","3,424","7,520","1,551","5,969"
uacounty09:Richmond upon Thames,"186,990","160,725","133,582","4,766",95,"22,282","6,780","1,250",731,"2,857","1,942","13,607","5,202","1,163",867,"1,753","4,622","2,816","1,643",840,333,"3,062","1,172","1,890"
uacounty09:Sutton,"190,146","149,449","134,854","3,219",193,"11,183","7,134","2,298",838,"2,286","1,712","22,035","6,454","2,595","1,183","2,240","9,563","9,120","5,471","2,742",907,"2,408",976,"1,432"
uacounty09:Waltham Forest,"258,249","134,799","92,999","3,959",369,"37,472","13,766","4,568","2,403","2,602","4,193","54,389","9,134","26,347","4,632","2,579","11,697","44,791","18,815","18,841","7,135","10,504","3,776","6,728"
uacounty09:Bracknell Forest,"113,205","102,554","96,080",984,118,"5,372","2,303",656,297,808,542,"5,664","1,989",518,134,556,"2,467","2,189","1,586",402,201,495,201,294
uacounty09:Brighton and Hove,"273,369","243,512","220,018","3,772",198,"19,524","10,408","2,182","2,019","3,351","2,856","11,278","2,996",649,"1,367","2,999","3,267","4,188","2,893",879,416,"3,983","2,184","1,799"
uacounty09:Isle of Wight,"138,265","134,545","131,099",747,94,"2,605","1,709",507,123,738,341,"1,514",435,80,131,219,649,303,141,115,47,194,52,142
uacounty09:Medway,"263,925","236,579","225,654","1,946",510,"8,469","5,176","1,730",735,"1,546","1,165","13,615","7,132","1,516","1,304","1,065","2,598","6,663","4,742","1,428",493,"1,892",517,"1,375"
uacounty09:Milton Keynes,"248,821","199,094","183,934","2,498",72,"12,590","8,235","2,243","1,597","2,228","2,167","22,782","8,106","3,851","1,989","2,722","6,114","17,131","13,058","2,524","1,549","1,579",565,"1,014"
uacounty09:Portsmouth,"205,056","181,182","172,313","1,071",85,"7,713","5,467","1,103",935,"2,381","1,048","12,474","2,911",539,"3,649","2,611","2,764","3,777","2,958",540,279,"2,156","1,078","1,078"
uacounty09:Reading,"155,698","116,387","101,725","2,269",90,"12,303","6,180","2,718",802,"1,428","1,232","21,161","6,514","6,967",695,"1,603","5,382","10,470","6,087","3,279","1,104","1,500",680,820
uacounty09:Slough,"140,205","64,053","48,401","1,607",220,"13,825","4,758","1,667",607,"1,429","1,055","55,697","21,922","24,869",549,797,"7,560","12,115","7,548","3,096","1,471","3,582",928,"2,654"
uacounty09:Southampton,"236,882","203,528","183,980","1,746",341,"17,461","5,678","1,678",941,"1,796","1,263","19,892","6,742","3,019","1,401","3,449","5,281","5,067","3,508","1,132",427,"2,717","1,312","1,405"
uacounty09:West Berkshire,"153,822","145,854","139,044","1,284",164,"5,362","2,420",776,262,831,551,"3,808","1,675",473,225,659,776,"1,376",701,514,161,364,139,225
uacounty09:Windsor and Maidenhead,"144,560","124,505","112,081","2,055",219,"10,150","3,315",679,358,"1,399",879,"13,848","5,860","4,238",393,"1,071","2,286","1,725","1,039",473,213,"1,167",379,788
uacounty09:Wokingham,"154,380","136,525","129,119","1,367",291,"5,748","3,182",890,337,"1,273",682,"11,438","5,331","2,865",222,"1,203","1,817","2,093","1,203",712,178,"1,142",500,642
uacounty09:Buckinghamshire,"505,283","436,670","409,793","5,377",614,"20,886","12,360","4,573","1,098","4,125","2,564","43,269","11,368","21,236","1,089","2,554","7,022","10,490","4,032","5,175","1,283","2,494",853,"1,641"
uacounty09:East Sussex,"526,671","505,422","482,769","3,966",815,"17,872","7,473","1,947","1,023","2,584","1,919","9,143","2,253",317,"1,042","1,931","3,600","2,912","1,800",771,341,"1,721",638,"1,083"
uacounty09:Hampshire,"1,317,788","1,252,123","1,209,405","7,361","2,069","33,288","18,051","4,800","2,340","6,880","4,031","35,356","10,731","1,803","2,143","5,605","15,074","8,298","5,090","2,180","1,028","3,960","1,262","2,698"
uacounty09:Kent,"1,463,740","1,371,102","1,303,558","10,239","4,685","52,620","22,107","6,266","2,997","7,520","5,324","47,614","18,136","2,406","3,381","5,978","17,713","16,216","11,523","3,293","1,400","6,701","1,535","5,166"
uacounty09:Oxfordshire,"653,798","594,004","546,801","6,291",623,"40,289","13,233","3,759","1,557","4,521","3,396","31,657","8,140","7,846","2,491","5,618","7,562","11,424","7,039","3,070","1,315","3,480","1,358","2,122"
uacounty09:Surrey,"1,132,390","1,023,682","945,673","13,012","2,261","62,736","23,554","4,920","2,736","9,657","6,241","63,498","20,232","10,818","3,400","9,461","19,587","12,430","7,828","3,303","1,299","9,226","4,101","5,125"
uacounty09:West Sussex,"806,892","756,499","717,551","5,979","1,073","31,896","12,155","2,886","2,061","4,269","2,939","28,334","9,659","5,236","2,346","2,960","8,133","7,146","4,569","1,339","1,238","2,758","1,081","1,677"
uacounty09:Bath and North East Somerset,"176,016","166,473","158,640","1,146",58,"6,629","2,898",951,292,954,701,"4,577","1,116",170,219,"1,912","1,160","1,326",499,672,155,742,375,367
uacounty09:Bournemouth,"183,491","168,797","153,752","1,355",218,"13,472","4,191","1,043",601,"1,396","1,151","7,066","1,940",213,408,"1,840","2,665","1,764","1,208",380,176,"1,673",693,980
"uacounty09:Bristol, City of","428,234","359,592","333,432","3,851",359,"21,950","15,438","7,389","1,533","3,402","3,114","23,655","6,547","6,863","2,104","3,886","4,255","25,734","12,085","6,727","6,922","3,815","1,272","2,543"
uacounty09:Cornwall,"532,273","522,848","509,628","2,046",635,"10,539","4,400","1,248",490,"1,553","1,109","3,434",837,107,280,"1,004","1,206",762,292,368,102,829,189,640
uacounty09:Isles of Scilly,"2,203","2,177","2,087",10,0,80,18,3,3,9,3,2,0,0,0,0,2,2,1,1,0,4,0,4
uacounty09:North Somerset,"202,566","197,076","190,553","1,113",176,"5,234","2,033",681,256,698,398,"2,436",817,111,299,619,590,632,383,188,61,389,127,262
uacounty09:Plymouth,"256,384","246,509","238,263","1,105",153,"6,988","3,287",904,523,"1,028",832,"3,906",875,202,359,"1,251","1,219","1,678","1,106",343,229,"1,004",399,605
uacounty09:Poole,"147,645","141,523","135,698",756,214,"4,855","1,916",491,246,680,499,"3,276","1,098",96,382,698,"1,002",520,329,119,72,410,127,283
uacounty09:South Gloucestershire,"262,767","249,574","241,611","1,223",271,"6,469","3,667","1,516",396,"1,016",739,"6,440","2,699",698,238,"1,312","1,493","2,218",987,980,251,868,366,502
uacounty09:Swindon,"209,156","187,898","177,028","1,852",180,"8,838","4,226","1,506",568,"1,163",989,"13,365","6,901","1,292",936,954,"3,282","2,861","1,718",807,336,806,188,618
uacounty09:Torbay,"130,959","127,699","124,162",657,37,"2,843","1,420",440,195,443,342,"1,353",403,79,99,261,511,251,140,73,38,236,100,136
uacounty09:Wiltshire,"470,981","454,971","439,725","2,381",757,"12,108","5,568","1,968",656,"1,667","1,277","6,178","1,547",215,595,"1,210","2,611","3,228","1,418","1,151",659,"1,036",288,748
uacounty09:Devon,"746,399","728,073","708,590","3,130",554,"15,799","6,520","1,750",787,"2,429","1,554","8,710","1,873",280,570,"3,195","2,792","1,413",845,421,147,"1,683",913,770
uacounty09:Dorset,"412,905","404,317","394,350","1,975",555,"7,437","3,400",952,431,"1,212",805,"3,833",737,151,525,943,"1,477",924,518,295,111,431,116,315
uacounty09:Gloucestershire,"596,984","569,647","546,599","3,759",731,"18,558","8,661","3,627",923,"2,353","1,758","12,433","5,729",942,960,"1,911","2,891","5,150","2,090","2,313",747,"1,093",364,729
uacounty09:Somerset,"529,972","519,255","501,558","2,257",733,"14,707","4,241","1,200",650,"1,407",984,"4,873","1,069",203,442,"1,247","1,912","1,013",607,291,115,590,175,415
uacounty09:Anglesey,"69,751","68,520","67,349",476,65,630,480,180,41,180,79,491,135,33,53,153,117,81,50,25,6,179,134,45
uacounty09:Gwynedd,"121,874","117,573","115,072",570,153,"1,778",964,287,126,332,219,"2,170",461,220,176,905,408,289,195,70,24,878,700,178
uacounty09:Conwy,"115,228","112,549","109,911",840,65,"1,733",894,294,124,275,201,"1,252",317,101,134,376,324,199,114,54,31,334,200,134
uacounty09:Denbighshire,"93,734","91,254","89,581",533,34,"1,106",751,251,80,269,151,"1,430",240,157,111,346,576,161,104,35,22,138,39,99
uacounty09:Flintshire,"152,506","150,161","146,185",693,95,"3,188",851,267,121,258,205,"1,201",296,87,223,323,272,142,88,42,12,151,50,101
uacounty09:Wrexham,"134,844","130,647","125,477",492,104,"4,574","1,010",264,180,326,240,"2,321",857,181,206,426,651,625,526,57,42,241,96,145
uacounty09:Powys,"132,976","130,827","127,773",502,128,"2,424",760,208,82,294,176,"1,142",145,9,67,171,750,132,42,70,20,115,23,92
uacounty09:Ceredigion,"75,922","73,443","70,717",478,74,"2,174",736,198,75,251,212,"1,099",367,81,91,322,238,266,164,86,16,378,197,181
uacounty09:Pembrokeshire,"122,439","120,121","117,092",834,454,"1,741",733,234,78,261,160,"1,192",341,69,103,205,474,179,94,44,41,214,61,153
uacounty09:Carmarthenshire,"183,777","180,323","175,591",754,335,"3,643","1,033",326,118,364,225,"1,837",563,159,117,298,700,279,115,115,49,305,132,173
uacounty09:Swansea,"239,023","224,697","218,655","1,101",85,"4,856","2,160",548,280,781,551,"7,803","1,477",591,"1,944","2,052","1,739","1,983","1,707",172,104,"2,380","1,694",686
uacounty09:Neath Port Talbot,"139,812","137,087","135,450",474,125,"1,038",910,384,75,262,189,"1,369",280,125,311,280,373,299,97,175,27,147,53,94
uacounty09:Bridgend,"139,178","136,090","133,656",474,63,"1,897",998,338,120,264,276,"1,549",337,122,114,356,620,315,152,121,42,226,75,151
uacounty09:The Vale of Glamorgan,"126,336","121,838","119,212",639,21,"1,966","1,695",629,247,431,388,"1,967",566,216,121,454,610,489,165,252,72,347,174,173
uacounty09:Cardiff,"346,090","293,114","277,798","2,547",521,"12,248","10,031","3,641","1,742","2,459","2,189","27,885","7,886","6,354","4,838","4,168","4,639","8,201","5,213","1,322","1,666","6,859","4,707","2,152"
"uacounty09:Rhondda, Cynon, Taff","234,410","228,241","225,716",582,53,"1,890","1,506",550,192,420,344,"3,030",656,267,106,"1,065",936,"1,308","1,140",99,69,325,160,165
uacounty09:Merthyr Tydfil,"58,802","57,391","55,635",122,62,"1,572",462,154,46,151,111,696,168,50,45,120,313,143,118,10,15,110,32,78
uacounty09:Caerphilly,"178,806","175,845","173,899",402,31,"1,513","1,174",454,147,296,277,"1,346",327,123,32,495,369,242,121,112,9,199,67,132
uacounty09:Blaenau Gwent,"69,814","68,750","67,954",102,72,622,394,163,36,106,89,485,202,39,26,122,96,95,56,33,6,90,12,78
uacounty09:Torfaen,"91,075","89,231","88,209",307,155,560,603,237,103,138,125,977,172,64,80,208,453,169,47,88,34,95,14,81
uacounty09:Monmouthshire,"91,323","89,526","87,762",395,6,"1,363",624,174,51,232,167,900,245,54,40,193,368,144,80,45,19,129,69,60
uacounty09:Newport,"145,736","131,025","126,756",769,84,"3,416","2,752","1,318",360,669,405,"7,986","1,218","3,127","1,749",600,"1,292","2,535","1,499",782,254,"1,438",926,512
ualad09:Darlington,"105,564","101,595","98,898",328,350,"2,019","1,146",463,97,350,236,"2,205",726,145,523,349,462,357,206,105,46,261,112,149
ualad09:County Durham,"513,242","503,769","495,664","1,229",467,"6,409","3,094",969,321,"1,093",711,"4,856","1,368",463,241,"1,598","1,186",701,447,158,96,822,459,363
ualad09:Hartlepool,"92,028","89,899","88,924",193,40,742,550,180,54,173,143,"1,304",266,291,214,229,304,170,129,36,5,105,57,48
ualad09:Middlesbrough,"138,412","122,055","119,106",574,85,"2,290","2,362",541,452,904,465,"10,768","1,477","6,811",244,904,"1,332","1,731","1,470",92,169,"1,496",950,546
ualad09:Northumberland,"316,028","311,066","307,097",833,156,"2,980","1,692",515,230,624,323,"2,658",939,351,295,452,621,338,193,114,31,274,73,201
ualad09:Redcar and Cleveland,"135,177","133,203","131,928",415,85,775,853,298,107,273,175,869,91,295,94,155,234,122,80,34,8,130,37,93
ualad09:Stockton-on-Tees,"191,610","181,299","178,965",536,143,"1,655","1,997",419,316,823,439,"6,632","1,488","3,072",132,866,"1,074","1,133",936,84,113,549,236,313
ualad09:Gateshead,"200,214","192,742","188,355",592,87,"3,708","1,558",412,260,523,363,"3,738",916,617,242,"1,054",909,"1,081",903,90,88,"1,095",289,806
ualad09:Newcastle upon Tyne,"280,177","239,533","229,520","1,826",163,"8,024","4,279",830,859,"1,609",981,"27,107","5,072","6,364","4,692","6,037","4,942","5,160","4,664",217,279,"4,098","2,602","1,496"
ualad09:North Tyneside,"200,801","194,025","190,936",596,29,"2,464","1,815",448,385,602,380,"3,815","1,095",319,686,869,846,734,576,91,67,412,177,235
ualad09:South Tyneside,"148,127","142,099","140,821",305,9,964,"1,325",324,229,440,332,"3,311",643,434,"1,534",235,465,420,316,61,43,972,566,406
ualad09:Sunderland,"275,506","264,282","261,209",608,70,"2,395","1,778",539,239,608,392,"7,336","1,736",669,"2,075","1,536","1,320","1,273","1,062",111,100,837,292,545
ualad09:Blackburn with Darwen,"147,489","102,009","98,144",794,161,"2,910","1,823",315,162,989,357,"41,494","19,791","17,801","1,525",721,"1,656",933,614,202,117,"1,230",585,645
ualad09:Blackpool,"142,065","137,339","133,042","1,029",237,"3,031","1,753",690,264,448,351,"2,282",627,223,231,514,687,346,183,111,52,345,170,175
ualad09:Cheshire East,"370,127","357,940","346,264","2,241",313,"9,122","3,873","1,341",461,"1,293",778,"6,060","2,147",856,504,"1,125","1,428","1,402",664,511,227,852,338,514
ualad09:Cheshire West and Chester,"329,608","321,025","312,013","2,337",213,"6,462","3,050",889,411,"1,059",691,"4,097","1,242",336,576,935,"1,008",908,586,196,126,528,199,329
ualad09:Halton,"125,746","123,041","121,210",654,41,"1,136","1,356",465,253,330,308,943,282,44,60,308,249,260,95,134,31,146,54,92
ualad09:Warrington,"202,228","193,992","187,968","1,357",66,"4,601","2,144",654,357,663,470,"4,911","1,803","1,179",152,849,928,694,389,214,91,487,237,250
ualad09:Allerdale,"96,422","95,385","94,085",241,14,"1,045",426,134,39,179,74,477,81,34,91,123,148,73,43,20,10,61,2,59
ualad09:Barrow-in-Furness,"69,087","67,940","67,073",222,39,606,360,117,45,109,89,633,137,47,43,183,223,70,56,7,7,84,35,49
ualad09:Carlisle,"107,524","105,480","102,189",405,196,"2,690",535,152,91,162,130,"1,248",273,109,180,337,349,147,107,19,21,114,52,62
ualad09:Copeland,"70,603","69,491","68,679",190,15,607,339,117,37,109,76,629,137,79,70,164,179,84,52,21,11,60,12,48
ualad09:Eden,"52,564","51,999","51,009",139,15,836,211,66,11,89,45,292,77,7,49,79,80,22,9,7,6,40,17,23
ualad09:South Lakeland,"103,658","101,962","99,089",355,36,"2,482",633,165,91,233,144,787,187,40,53,267,240,183,106,67,10,93,35,58
ualad09:Bolton,"276,786","226,645","219,794","1,694",214,"4,943","4,892","1,576",678,"1,826",812,"38,749","21,665","12,026",614,"1,423","3,021","4,652","3,451",608,593,"1,848",727,"1,121"
ualad09:Bury,"185,060","165,032","157,897","2,357",72,"4,706","3,365","1,307",444,"1,005",609,"13,407","1,387","9,002",311,"1,100","1,607","1,893","1,116",593,184,"1,363",465,898
ualad09:Manchester,"503,127","335,109","298,237","11,843",509,"24,520","23,161","8,877","4,397","4,791","5,096","85,986","11,417","42,904","6,437","13,539","11,689","43,484","25,718","9,642","8,124","15,387","9,503","5,884"
ualad09:Oldham,"224,897","174,326","169,955","1,484",62,"2,825","4,057","1,950",440,"1,131",536,"43,165","1,555","22,686","16,310",726,"1,888","2,797","1,640",839,318,552,154,398
ualad09:Rochdale,"211,699","172,874","166,481","2,131",186,"4,076","3,569","1,057",601,"1,348",563,"31,630","1,105","22,265","4,342",948,"2,970","2,770","2,131",285,354,856,308,548
ualad09:Salford,"233,933","210,862","197,445","2,882",193,"10,342","4,616","1,647","1,058",929,982,"9,429","2,553","1,843",605,"2,547","1,881","6,541","5,354",666,521,"2,485","1,425","1,060"
ualad09:Stockport,"283,275","260,819","252,044","3,938",58,"4,779","5,104","1,734",775,"1,460","1,135","13,762","2,786","6,673",705,"1,722","1,876","1,958",976,745,237,"1,632",727,905
ualad09:Tameside,"219,324","199,429","194,115","1,613",38,"3,663","3,159","1,310",506,849,494,"14,553","3,668","4,910","4,296",951,728,"1,784","1,188",371,225,399,154,245
ualad09:Trafford,"226,578","193,834","182,200","5,098",40,"6,496","6,031","2,658",669,"1,535","1,169","17,973","6,306","7,027",457,"2,232","1,951","6,540","1,807","3,802",931,"2,200","1,259",941
ualad09:Wigan,"317,849","309,193","303,519","1,459",151,"4,064","2,756","1,015",429,783,529,"3,519","1,019",676,109,891,824,"1,678","1,310",216,152,703,304,399
ualad09:Burnley,"87,059","76,054","74,464",527,10,"1,053",976,228,90,476,182,"9,578",321,"5,924","2,425",222,686,211,76,120,15,240,55,185
ualad09:Chorley,"107,155","103,833","101,892",567,57,"1,317","1,016",463,104,273,176,"1,710",612,525,105,236,232,401,115,240,46,195,113,82
ualad09:Fylde,"75,757","73,844","72,021",488,15,"1,320",742,251,87,233,171,845,297,118,25,209,196,163,63,54,46,163,67,96
ualad09:Hyndburn,"80,734","70,778","68,834",436,97,"1,411",696,186,39,336,135,"9,007",279,"7,548",402,268,510,106,52,45,9,147,91,56
ualad09:Lancaster,"138,375","132,342","126,624",840,331,"4,547","1,356",373,179,480,324,"3,732","1,212",413,309,"1,231",567,628,472,109,47,317,164,153
ualad09:Pendle,"89,452","71,437","69,074",462,26,"1,875",946,139,65,599,143,"16,807",236,"15,320",383,281,587,126,67,51,8,136,52,84
ualad09:Preston,"140,202","112,415","106,242","1,178",111,"4,884","3,326","1,627",300,931,468,"21,732","14,421","4,425",375,"1,235","1,276","1,676",661,865,150,"1,053",626,427
ualad09:Ribble Valley,"57,132","55,904","54,757",332,6,809,360,93,33,163,71,729,204,295,32,109,89,92,65,12,15,47,9,38
ualad09:Rossendale,"67,982","63,778","62,516",541,47,674,602,199,64,218,121,"3,396",186,"1,139","1,638",233,200,123,49,63,11,83,37,46
ualad09:South Ribble,"109,057","105,847","103,890",680,17,"1,260","1,174",514,99,388,173,"1,612",798,241,26,282,265,268,78,149,41,156,65,91
ualad09:West Lancashire,"110,685","108,603","105,775",584,8,"2,236",866,266,140,248,212,913,411,85,13,190,214,174,115,48,11,129,63,66
ualad09:Wyre,"107,749","105,852","104,251",490,96,"1,015",664,234,79,226,125,993,235,70,78,315,295,130,78,33,19,110,45,65
ualad09:Knowsley,"145,893","141,858","140,135",747,6,970,"1,913",683,517,375,338,"1,403",467,81,10,446,399,505,297,127,81,214,98,116
ualad09:Liverpool,"466,415","414,671","395,485","6,729",185,"12,272","11,756","3,473","3,164","2,283","2,836","19,403","4,915","1,999","1,075","7,978","3,436","12,308","8,490","1,467","2,351","8,277","5,629","2,648"
ualad09:Sefton,"273,790","266,741","259,629","2,312",120,"4,680","2,820",830,488,760,742,"2,719",666,127,308,965,653,796,464,223,109,714,327,387
ualad09:St. Helens,"175,308","171,877","169,346",887,69,"1,575","1,179",445,167,271,296,"1,764",504,133,122,512,493,248,152,60,36,240,117,123
ualad09:Wirral,"319,783","310,156","303,682","2,667",77,"3,730","3,286",964,558,949,815,"5,116","1,344",226,851,"1,653","1,042",695,389,189,117,530,208,322
ualad09:East Riding of Yorkshire,"334,179","327,789","321,309",908,227,"5,345","2,301",683,367,785,466,"2,961","1,081",396,69,660,755,598,355,175,68,530,289,241
"ualad09:Kingston upon Hull, City of","256,406","241,321","229,920",550,284,"10,567","3,454",871,821,945,817,"6,471","1,086",882,755,"2,124","1,624","2,996","2,472",236,288,"2,164","1,134","1,030"
ualad09:North East Lincolnshire,"159,616","155,421","152,240",414,26,"2,741","1,186",381,161,369,275,"2,129",513,195,268,605,548,411,306,71,34,469,265,204
ualad09:North Lincolnshire,"167,446","160,748","154,526",727,90,"5,405","1,244",341,166,451,286,"4,549","1,122",862,"1,443",530,592,494,365,64,65,411,173,238
ualad09:York,"198,051","186,731","178,613","1,103",269,"6,746","2,413",529,305,873,706,"6,740","1,531",417,370,"2,449","1,973","1,194",903,205,86,973,498,475
ualad09:Craven,"55,409","53,964","52,842",215,54,853,375,94,59,141,81,970,156,474,39,118,183,61,48,8,5,39,25,14
ualad09:Hambleton,"89,140","87,635","85,867",306,132,"1,330",593,157,59,246,131,600,220,84,30,126,140,188,98,44,46,124,46,78
ualad09:Harrogate,"157,869","152,075","144,717",771,107,"6,480","1,776",411,265,626,474,"2,409",587,118,68,869,767,"1,147",624,148,375,462,129,333
ualad09:Richmondshire,"51,965","49,556","48,516",200,19,821,502,155,74,108,165,"1,247",75,27,20,78,"1,047",496,245,80,171,164,15,149
ualad09:Ryedale,"51,751","51,064","49,802",262,81,919,302,80,46,105,71,273,35,5,7,85,141,80,67,8,5,32,10,22
ualad09:Scarborough,"108,793","106,104","103,625",301,37,"2,141",869,228,109,324,208,"1,364",383,169,109,287,416,240,176,51,13,216,123,93
ualad09:Selby,"83,449","82,077","79,686",326,158,"1,907",626,190,50,271,115,493,175,17,2,170,129,212,170,33,9,41,9,32
ualad09:Barnsley,"231,221","226,285","222,164",567,163,"3,391","1,630",644,178,434,374,"1,661",442,211,60,440,508,"1,221",995,149,77,424,168,256
ualad09:Doncaster,"302,402","288,066","277,740","1,183",587,"8,556","3,321","1,413",440,877,591,"7,614","1,865","2,728",117,"1,121","1,783","2,337","1,309",778,250,"1,064",231,833
ualad09:Rotherham,"257,280","240,758","236,438",776,126,"3,418","2,551",787,301,865,598,"10,551",961,"7,609",109,592,"1,280","2,112","1,672",283,157,"1,308",581,727
ualad09:Sheffield,"552,698","462,544","446,837","2,891",358,"12,458","13,289","5,450","1,296","3,490","3,053","44,385","5,868","21,990","3,326","7,398","5,803","20,082","11,543","5,506","3,033","12,398","8,432","3,966"
ualad09:Bradford,"522,452","352,317","333,628","2,541",433,"15,715","12,979","4,663",875,"5,677","1,764","140,149","13,555","106,614","9,863","2,086","8,031","9,267","4,993","3,581",693,"7,740","3,714","4,026"
ualad09:Calderdale,"203,826","182,787","176,732","1,795",80,"4,180","2,797","1,097",247,907,546,"16,875","1,130","13,904",574,459,808,899,479,320,100,468,111,357
ualad09:Kirklees,"422,458","334,270","323,890","2,635",158,"7,587","9,790","5,167",641,"2,714","1,268","67,782","20,797","41,802",731,"1,452","3,000","7,905","2,364","4,626",915,"2,711","1,214","1,497"
ualad09:Leeds,"751,485","639,487","609,714","7,031",687,"22,055","19,632","8,813","2,493","4,906","3,420","58,243","16,130","22,492","4,432","5,933","9,256","25,893","14,894","6,728","4,271","8,230","3,791","4,439"
ualad09:Wakefield,"325,837","310,957","302,331",908,302,"7,416","2,928","1,087",368,894,579,"8,498","1,540","4,896",32,853,"1,177","2,512","1,955",326,231,942,382,560
ualad09:Derby,"248,752","199,751","187,386","2,319",295,"9,751","7,232","3,916",533,"1,772","1,011","31,095","10,907","14,620",658,"1,292","3,618","7,320","3,156","3,405",759,"3,354",861,"2,493"
ualad09:Leicester,"329,839","166,636","148,629","2,524",417,"15,066","11,580","4,691","1,161","3,388","2,340","122,470","93,335","8,067","3,642","4,245","13,181","20,585","12,480","4,790","3,315","8,568","3,311","5,257"
ualad09:Nottingham,"305,680","218,698","199,990","2,819",326,"15,563","20,265","12,166","2,004","3,304","2,791","40,039","9,901","16,771","1,049","5,988","6,330","22,185","9,877","9,382","2,926","4,493","2,372","2,121"
ualad09:Rutland,"37,369","36,301","35,241",217,58,785,389,123,23,141,102,365,113,38,7,125,82,251,116,107,28,63,5,58
ualad09:Amber Valley,"122,309","120,023","117,988",428,44,"1,563",980,438,93,282,167,929,416,80,11,201,221,253,120,106,27,124,27,97
ualad09:Bolsover,"75,866","74,452","73,058",199,66,"1,129",518,248,63,136,71,612,207,56,6,166,177,267,175,51,41,17,2,15
ualad09:Chesterfield,"103,788","100,172","98,456",386,5,"1,325","1,094",532,97,287,178,"1,592",487,334,141,367,263,782,433,271,78,148,60,88
ualad09:Derbyshire Dales,"71,116","70,117","68,835",321,15,946,466,130,58,173,105,398,97,84,4,95,118,87,33,36,18,48,10,38
ualad09:Erewash,"112,081","108,765","106,673",574,29,"1,489","1,269",734,72,276,187,"1,383",778,89,21,266,229,536,125,337,74,128,34,94
ualad09:High Peak,"90,892","88,954","87,131",596,10,"1,217",944,348,113,284,199,711,148,78,10,228,247,184,87,82,15,99,33,66
ualad09:North East Derbyshire,"99,023","97,084","95,968",264,70,782,786,315,103,250,118,795,350,79,32,187,147,236,156,65,15,122,40,82
ualad09:South Derbyshire,"94,611","90,527","88,925",386,72,"1,144","1,062",428,79,365,190,"2,375","1,649",179,4,217,326,425,174,205,46,222,45,177
ualad09:Blaby,"93,915","85,451","83,161",545,101,"1,644","1,505",645,108,486,266,"5,718","4,399",281,18,435,585,900,371,398,131,341,96,245
ualad09:Charnwood,"166,100","145,114","139,978",989,74,"4,073","2,577",815,244,"1,045",473,"16,138","10,225",428,"2,022","1,943","1,520","1,327",875,339,113,944,442,502
ualad09:Harborough,"85,382","81,316","79,242",486,61,"1,527",971,308,92,384,187,"2,563","1,849",132,44,226,312,327,179,111,37,205,35,170
ualad09:Hinckley and Bosworth,"105,078","101,369","99,440",451,86,"1,392","1,027",364,81,390,192,"2,246","1,390",158,81,269,348,262,133,110,19,174,74,100
ualad09:Melton,"50,376","49,319","47,861",264,3,"1,191",414,151,45,142,76,518,277,4,0,103,134,95,39,38,18,30,3,27
ualad09:North West Leicestershire,"93,468","91,187","89,116",406,77,"1,588",881,358,59,322,142,"1,074",520,16,20,198,320,205,91,78,36,121,25,96
ualad09:Oadby and Wigston,"56,170","41,011","39,634",387,9,981,"1,176",383,85,493,215,"12,520","9,938","1,080",128,328,"1,046",671,302,305,64,792,191,601
ualad09:Boston,"64,637","62,592","54,221",208,63,"8,100",664,171,114,167,212,928,374,148,72,130,204,278,174,57,47,175,63,112
ualad09:East Lindsey,"136,401","134,314","131,717",490,61,"2,046",937,414,87,261,175,789,231,63,100,198,197,264,160,75,29,97,40,57
ualad09:Lincoln,"93,541","89,379","83,653",719,80,"4,927","1,230",367,189,372,302,"1,794",522,139,139,452,542,778,504,165,109,360,175,185
ualad09:North Kesteven,"107,766","105,835","103,343",512,74,"1,906",791,242,91,256,202,750,217,29,68,215,221,251,108,101,42,139,43,96
ualad09:South Holland,"88,270","86,370","79,569",282,100,"6,419",796,247,138,233,178,747,251,48,54,176,218,257,137,72,48,100,13,87
ualad09:South Kesteven,"133,788","130,394","125,261",656,78,"4,399","1,142",410,138,304,290,"1,580",509,93,63,436,479,509,330,117,62,163,48,115
ualad09:West Lindsey,"89,250","87,600","85,977",411,161,"1,051",630,222,58,205,145,728,370,64,0,130,164,224,127,74,23,68,38,30
ualad09:Corby,"61,255","58,519","52,069",855,28,"5,567",836,271,127,215,223,782,348,34,138,96,166,"1,008",778,130,100,110,24,86
ualad09:Daventry,"77,843","75,123","72,448",509,54,"2,112",971,381,98,302,190,"1,183",551,172,55,151,254,481,213,211,57,85,7,78
ualad09:East Northamptonshire,"86,765","83,842","81,083",583,46,"2,130","1,052",381,123,288,260,"1,096",530,62,12,244,248,630,352,204,74,145,33,112
ualad09:Kettering,"93,475","87,740","83,450",641,150,"3,499","1,313",416,206,404,287,"3,023","1,818",149,102,327,627,991,682,208,101,408,148,260
ualad09:Northampton,"212,069","179,238","162,353","2,911",149,"13,825","6,849","3,149","1,012","1,286","1,402","13,751","5,328","1,536","3,367","1,705","1,815","10,741","6,473","2,946","1,322","1,490",543,947
ualad09:South Northamptonshire,"85,189","82,572","80,123",591,11,"1,847","1,003",289,131,359,224,"1,129",592,81,52,149,255,376,151,141,84,109,29,80
ualad09:Wellingborough,"75,356","65,788","61,229",614,89,"3,856","2,158","1,177",228,397,356,"4,463","3,097",278,538,174,376,"2,696",903,"1,414",379,251,61,190
ualad09:Ashfield,"119,497","116,733","114,744",348,43,"1,598","1,059",556,88,229,186,"1,099",396,97,62,232,312,472,195,209,68,134,25,109
ualad09:Bassetlaw,"112,863","109,892","106,663",381,94,"2,754",996,454,85,228,229,"1,255",440,287,74,180,274,520,221,239,60,200,52,148
ualad09:Broxtowe,"109,487","101,538","98,001",615,9,"2,913","1,827",866,151,486,324,"4,503","1,754",775,92,"1,135",747,933,448,405,80,686,436,250
ualad09:Gedling,"113,543","105,656","102,551",891,32,"2,182","2,619","1,500",240,521,358,"3,343","1,366",962,67,411,537,"1,653",370,"1,118",165,272,68,204
ualad09:Mansfield,"104,466","101,522","97,408",447,2,"3,665","1,106",571,105,224,206,"1,289",521,132,192,206,238,398,152,192,54,151,42,109
ualad09:Newark and Sherwood,"114,817","111,958","108,208",641,253,"2,856","1,160",491,133,308,228,"1,036",366,145,73,220,232,499,166,270,63,164,39,125
ualad09:Rushcliffe,"111,129","103,504","100,363",810,23,"2,308","1,949",736,159,723,331,"4,614","2,361","1,072",40,558,583,627,202,349,76,435,153,282
"ualad09:Herefordshire, County of","183,477","180,169","171,922",709,363,"7,175","1,270",407,146,415,302,"1,439",490,80,32,277,560,331,160,103,68,268,105,163
ualad09:Shropshire,"306,129","299,874","292,047","1,410",312,"6,105","2,168",765,231,669,503,"3,089",752,216,208,"1,020",893,580,302,164,114,418,179,239
ualad09:Stoke-on-Trent,"249,008","220,712","215,222",636,183,"4,671","4,491","1,892",559,"1,347",693,"18,442","2,329","10,429","1,097","1,224","3,363","3,741","2,536",834,371,"1,622",408,"1,214"
ualad09:Telford and Wrekin,"166,641","154,415","149,096",729,166,"4,424","2,983","1,423",278,799,483,"6,991","3,076","2,243",162,647,863,"1,779","1,023",607,149,473,86,387
ualad09:Cannock Chase,"97,462","95,256","94,042",350,8,856,867,458,51,214,144,982,406,110,48,227,191,280,98,147,35,77,10,67
ualad09:East Staffordshire,"113,583","102,704","97,854",542,72,"4,236","1,619",800,92,451,276,"7,864",916,"5,598",157,331,862,"1,023",333,500,190,373,91,282
ualad09:Lichfield,"100,654","97,399","95,263",598,13,"1,525","1,034",482,99,281,172,"1,623",877,157,107,225,257,481,113,298,70,117,10,107
ualad09:Newcastle-under-Lyme,"123,871","117,662","115,510",364,49,"1,739","1,490",565,156,468,301,"3,512",937,485,154,978,958,828,515,236,77,379,136,243
ualad09:South Staffordshire,"108,131","103,700","102,339",469,128,764,"1,495",796,40,479,180,"2,122","1,435",170,17,204,296,578,142,371,65,236,44,192
ualad09:Stafford,"130,869","124,308","121,160",770,119,"2,259","1,694",819,126,439,310,"3,288","1,359",369,128,503,929,"1,107",391,582,134,472,229,243
ualad09:Staffordshire Moorlands,"97,106","95,825","94,657",256,35,877,602,238,52,179,133,502,136,87,2,108,169,120,52,60,8,57,19,38
ualad09:Tamworth,"76,813","74,761","72,984",504,9,"1,264",803,414,59,197,133,763,386,47,38,150,142,393,91,252,50,93,30,63
ualad09:North Warwickshire,"62,014","60,709","59,499",458,45,707,506,269,39,116,82,580,360,35,11,67,107,172,30,124,18,47,7,40
ualad09:Nuneaton and Bedworth,"125,252","114,392","111,379",697,75,"2,241","1,396",664,110,409,213,"7,880","5,705",527,51,304,"1,293","1,047",555,351,141,537,76,461
ualad09:Rugby,"100,075","90,565","84,210","1,025",160,"5,170","1,986",879,210,563,334,"5,225","3,061",612,140,432,980,"1,987","1,002",754,231,312,102,210
ualad09:Stratford-on-Avon,"120,485","117,307","112,780",890,173,"3,464","1,258",417,106,448,287,"1,466",564,74,13,391,424,264,112,115,37,190,51,139
ualad09:Warwick,"137,648","122,715","114,739","2,146",41,"5,789","2,803",861,233,"1,070",639,"9,945","6,745",480,69,"1,155","1,496",973,474,389,110,"1,212",231,981
ualad09:Birmingham,"1,073,045","621,636","570,217","22,021",408,"28,990","47,605","24,720","3,223","11,186","8,476","285,640","64,621","144,627","32,532","12,712","31,148","96,360","29,991","47,641","18,728","21,804","10,910","10,894"
ualad09:Coventry,"316,960","234,029","211,188","7,305",151,"15,385","8,230","3,672",943,"2,388","1,227","51,598","27,751","9,510","2,951","3,728","7,658","17,764","12,836","3,317","1,611","5,339","2,020","3,319"
ualad09:Dudley,"312,925","281,607","277,050","1,170",352,"3,035","5,758","3,477",250,"1,277",754,"18,942","5,737","10,339",397,876,"1,593","4,671","1,402","2,658",611,"1,947","1,259",688
ualad09:Sandwell,"308,063","215,471","202,822","2,045",141,"10,463","10,199","6,163",515,"2,043","1,478","59,258","31,400","13,952","6,588",839,"6,479","18,357","4,396","11,382","2,579","4,778",901,"3,877"
ualad09:Solihull,"206,674","184,244","177,248","3,935",70,"2,991","4,404","2,395",247,"1,156",606,"13,561","7,098","3,413",633,906,"1,511","3,239",852,"1,930",457,"1,226",358,868
ualad09:Walsall,"269,323","212,469","207,238","1,181",287,"3,763","7,224","4,312",321,"1,754",837,"41,022","16,502","14,289","5,194",993,"4,044","6,369","1,999","3,197","1,173","2,239",222,"2,017"
ualad09:Wolverhampton,"249,470","169,682","160,945","1,526",209,"7,002","12,784","8,495",554,"2,160","1,575","44,960","32,162","4,415",432,"1,376","6,575","17,309","4,081","9,507","3,721","4,735",359,"4,376"
ualad09:Bromsgrove,"93,637","89,696","87,640",904,75,"1,077","1,396",631,82,446,237,"1,925","1,078",221,39,309,278,444,110,267,67,176,53,123
ualad09:Malvern Hills,"74,631","72,841","71,019",366,131,"1,325",639,192,78,235,134,902,268,43,30,336,225,151,95,41,15,98,11,87
ualad09:Redditch,"84,214","77,497","73,591",629,9,"3,268","1,655","1,053",75,317,210,"4,029",720,"2,580",192,209,328,862,160,558,144,171,54,117
ualad09:Worcester,"98,768","92,294","88,016",583,113,"3,582","1,395",474,199,439,283,"4,366",806,"1,923",449,391,797,473,226,186,61,240,61,179
ualad09:Wychavon,"116,944","114,457","109,834",539,462,"3,622",962,339,83,341,199,"1,129",463,84,94,188,300,228,91,118,19,168,43,125
ualad09:Wyre Forest,"97,975","95,273","92,822",459,375,"1,617",998,461,75,275,187,"1,390",299,133,512,168,278,214,85,105,24,100,14,86
ualad09:Bedford,"157,479","126,846","112,588","1,683",115,"12,460","5,386","2,396",587,"1,366","1,037","17,932","8,122","3,270","3,225",905,"2,410","6,202","2,741","2,843",618,"1,113",331,782
ualad09:Central Bedfordshire,"254,381","238,722","228,053","3,149",478,"7,042","4,789","1,787",522,"1,474","1,006","6,402","2,533",442,214,"1,404","1,809","3,614","2,054","1,230",330,854,357,497
ualad09:Luton,"203,201","111,079","90,530","6,126",198,"14,225","8,281","3,831",915,"1,805","1,730","60,952","10,625","29,353","13,606","1,497","5,871","19,909","9,169","8,177","2,563","2,980","1,646","1,334"
ualad09:Peterborough,"183,631","151,544","130,232","1,257",560,"19,495","4,948","1,542",827,"1,384","1,195","21,492","4,636","12,078",229,872,"3,677","4,164","2,480","1,174",510,"1,483",428,"1,055"
ualad09:Southend-on-Sea,"173,658","159,023","151,136","1,496",162,"6,229","3,651","1,039",741,977,894,"6,440","1,810","1,059",933,"1,084","1,554","3,647","2,728",524,395,897,297,600
ualad09:Thurrock,"157,705","135,429","127,587","1,108",308,"6,426","3,099","1,056",670,683,690,"5,927","2,234",534,682,828,"1,649","12,323","9,742","1,336","1,245",927,254,673
ualad09:Cambridge,"123,867","102,205","81,742","1,767",109,"18,587","3,944",728,470,"1,501","1,245","13,618","3,413",742,"1,849","4,454","3,160","2,097","1,300",598,199,"2,003",908,"1,095"
ualad09:East Cambridgeshire,"83,818","80,673","75,218",527,239,"4,689","1,182",230,185,370,397,"1,215",316,103,80,290,426,506,288,95,123,242,66,176
ualad09:Fenland,"95,262","92,631","86,151",390,467,"5,623",901,293,104,264,240,"1,075",372,65,65,215,358,497,216,186,95,158,11,147
ualad09:Huntingdonshire,"169,508","160,691","151,694","1,130",208,"7,659","2,530",707,356,769,698,"4,190","1,119",998,351,575,"1,147","1,642",862,427,353,455,132,323
ualad09:South Cambridgeshire,"148,755","138,787","129,812","1,094",485,"7,396","2,524",552,270,991,711,"5,540","2,210",465,217,"1,189","1,459","1,268",760,341,167,636,253,383
ualad09:Basildon,"174,497","161,677","156,215","1,313",873,"3,276","2,887","1,131",461,668,627,"4,766","2,089",436,322,584,"1,335","4,685","3,339",931,415,482,112,370
ualad09:Braintree,"147,084","142,087","137,010","1,051",132,"3,894","1,837",554,221,596,466,"1,998",625,122,190,335,726,913,540,286,87,249,65,184
ualad09:Brentwood,"73,601","68,868","65,688",921,121,"2,138","1,196",343,138,444,271,"2,350",939,113,172,377,749,896,542,230,124,291,105,186
ualad09:Castle Point,"88,011","85,273","83,943",527,17,786,911,346,104,264,197,"1,012",378,67,87,220,260,661,327,203,131,154,31,123
ualad09:Chelmsford,"168,310","157,983","151,990","1,450",212,"4,331","2,646",854,342,844,606,"4,962","1,911",673,466,826,"1,086","2,051","1,420",429,202,668,318,350
ualad09:Colchester,"173,074","159,306","151,453","1,155",79,"6,619","3,152",889,469,929,865,"6,355","1,426",366,385,"1,690","2,488","2,575","1,803",528,244,"1,686",978,708
ualad09:Epping Forest,"124,659","112,869","106,233","1,427",176,"5,033","2,649",881,267,808,693,"5,922","3,041",933,265,598,"1,085","2,404","1,186",958,260,815,151,664
ualad09:Harlow,"81,944","72,999","68,715",875,117,"3,292","1,752",654,308,389,401,"3,733","1,061",629,392,830,821,"3,090","2,256",542,292,370,147,223
ualad09:Maldon,"61,629","60,429","59,011",358,201,859,506,152,56,174,124,484,117,7,90,104,166,150,59,61,30,60,8,52
ualad09:Rochford,"83,287","80,937","79,628",468,49,792,905,296,127,304,178,881,262,42,81,228,268,433,235,95,103,131,40,91
ualad09:Tendring,"138,048","134,667","131,666",998,62,"1,941","1,467",595,176,371,325,"1,275",323,34,111,367,440,434,239,134,61,205,47,158
ualad09:Uttlesford,"79,443","76,761","73,325",622,122,"2,692",977,241,132,382,222,"1,122",284,40,186,202,410,417,197,159,61,166,40,126
ualad09:Broxbourne,"93,609","84,530","75,656","1,308",147,"7,419","2,141",787,246,500,608,"2,190",799,145,158,326,762,"3,957","2,246","1,307",404,791,135,656
ualad09:Dacorum,"144,847","131,537","124,537","1,821",231,"4,948","3,075",983,393,978,721,"6,770","2,347","2,007",287,784,"1,345","2,990","1,982",740,268,475,165,310
ualad09:East Hertfordshire,"137,687","131,456","124,266","1,566",57,"5,567","2,214",622,210,854,528,"2,681",999,213,282,516,671,984,590,300,94,352,134,218
ualad09:Hertsmere,"100,031","85,063","75,750","2,130",154,"7,029","2,619",678,385,862,694,"7,393","3,723",454,232,918,"2,066","3,927","2,990",558,379,"1,029",200,829
ualad09:North Hertfordshire,"127,114","113,755","107,889","1,398",33,"4,435","3,376","1,481",309,912,674,"6,821","3,464",424,495,808,"1,630","2,491",859,"1,344",288,671,146,525
ualad09:St Albans,"140,664","124,380","114,145","2,514",165,"7,556","3,904","1,019",397,"1,491",997,"9,011","2,210","1,149","2,633","1,149","1,870","2,388","1,203",911,274,981,459,522
ualad09:Stevenage,"83,957","73,598","69,781","1,002",67,"2,748","2,265",964,292,573,436,"4,848","1,626",489,536,635,"1,562","2,836","1,915",678,243,410,132,278
ualad09:Three Rivers,"87,317","75,294","69,550","1,747",79,"3,918","2,002",516,181,775,530,"7,993","5,231",605,158,590,"1,409","1,610",864,598,148,418,128,290
ualad09:Watford,"90,301","64,946","55,875","2,063",61,"6,947","3,104",990,412,939,763,"16,170","4,923","6,082",362,822,"3,981","5,229","3,142","1,558",529,852,294,558
ualad09:Welwyn Hatfield,"110,535","92,936","84,557","1,711",155,"6,513","2,797",859,425,819,694,"8,704","3,526",734,465,"1,914","2,065","4,989","3,931",719,339,"1,109",566,543
ualad09:Breckland,"130,491","127,116","119,033",593,204,"7,286","1,562",379,313,388,482,"1,040",295,81,101,202,361,596,211,225,160,177,9,168
ualad09:Broadland,"124,646","121,795","119,582",406,44,"1,763","1,064",267,165,389,243,"1,265",405,45,96,286,433,331,228,63,40,191,80,111
ualad09:Great Yarmouth,"97,277","94,215","90,280",390,63,"3,482","1,159",294,277,331,257,"1,204",446,116,18,189,435,439,285,86,68,260,77,183
ualad09:King`s Lynn and West Norfolk,"147,451","143,409","135,955",605,255,"6,594","1,372",362,235,376,399,"1,863",668,134,51,386,624,561,319,118,124,246,74,172
ualad09:North Norfolk,"101,499","100,127","98,001",354,46,"1,726",617,194,76,197,150,531,112,5,67,141,206,157,67,73,17,67,10,57
ualad09:Norwich,"132,512","120,375","112,237",874,127,"7,137","3,039",684,660,876,819,"5,844","1,684",255,540,"1,679","1,686","2,147","1,727",272,148,"1,107",643,464
ualad09:South Norfolk,"124,012","120,981","117,998",455,183,"2,345","1,214",313,179,422,300,"1,270",433,64,60,325,388,378,259,68,51,169,70,99
ualad09:Babergh,"87,740","85,845","83,666",486,51,"1,642",827,306,92,216,213,666,180,9,65,161,251,264,133,89,42,138,10,128
ualad09:Forest Heath,"59,748","54,907","46,142",583,108,"8,074","1,744",267,274,402,801,"1,263",300,135,96,105,627,"1,296",373,173,750,538,12,526
ualad09:Ipswich,"133,384","118,596","110,624",610,149,"7,213","4,816","2,579",655,637,945,"5,740","1,801",242,"1,687",666,"1,344","3,096","1,025","1,554",517,"1,136",151,985
ualad09:Mid Suffolk,"96,731","94,667","92,747",345,76,"1,499",953,311,120,298,224,647,170,17,38,158,264,371,164,126,81,93,7,86
ualad09:St Edmundsbury,"111,008","106,615","101,239",728,78,"4,570","1,404",412,222,420,350,"1,824",599,123,126,298,678,902,452,259,191,263,74,189
ualad09:Suffolk Coastal,"124,298","119,976","116,655",585,51,"2,685","1,513",471,222,473,347,"2,032",769,115,145,463,540,556,269,208,79,221,57,164
ualad09:Waveney,"115,254","112,589","110,385",407,91,"1,706","1,215",387,200,341,287,959,180,56,96,308,319,369,208,100,61,122,9,113
ualad09:Camden,"220,338","146,055","96,937","7,053",167,"41,898","12,322","2,494","1,800","3,880","4,148","35,446","6,083","1,489","12,503","6,493","8,878","18,060","10,802","3,496","3,762","8,455","3,432","5,023"
ualad09:City of London,"7,375","5,799","4,243",180,3,"1,373",289,38,37,111,103,940,216,16,232,263,213,193,98,46,49,154,69,85
ualad09:Hackney,"246,270","134,617","89,030","5,216",474,"39,897","15,869","4,989","2,866","3,020","4,994","25,867","7,599","1,905","6,180","3,436","6,747","56,858","27,976","19,168","9,714","13,059","1,721","11,338"
ualad09:Hammersmith and Fulham,"182,493","124,222","81,989","6,321",217,"35,695","10,044","2,769","1,495","2,649","3,131","16,635","3,451","1,612","1,056","3,140","7,376","21,505","10,552","7,111","3,842","10,087","5,228","4,859"
ualad09:Haringey,"254,926","154,343","88,424","6,997",370,"58,552","16,548","4,856","2,609","3,738","5,345","24,150","5,945","1,920","4,417","3,744","8,124","47,830","23,037","18,087","6,706","12,055","2,229","9,826"
ualad09:Islington,"206,125","140,515","98,322","8,140",163,"33,890","13,339","4,236","1,912","2,964","4,227","19,034","3,534",951,"4,662","4,457","5,430","26,294","12,622","7,943","5,729","6,943","1,893","5,050"
ualad09:Kensington and Chelsea,"158,649","112,017","62,271","3,715",119,"45,912","8,986","1,695","1,148","3,021","3,122","15,861","2,577",911,836,"3,968","7,569","10,333","5,536","3,257","1,540","11,452","6,455","4,997"
ualad09:Lambeth,"303,086","173,025","118,250","7,456",195,"47,124","23,160","8,302","4,301","3,574","6,983","20,938","4,983","3,072","2,221","4,573","6,089","78,542","35,187","28,886","14,469","7,421","1,728","5,693"
ualad09:Lewisham,"275,885","147,686","114,446","5,206",208,"27,826","20,472","8,539","3,559","3,045","5,329","25,534","4,600","1,596","1,388","6,164","11,786","74,942","32,025","30,854","12,063","7,251","1,456","5,795"
ualad09:Newham,"307,984","89,216","51,516","2,172",462,"35,066","13,945","3,957","3,319","2,677","3,992","133,895","42,484","30,307","37,262","3,930","19,912","60,256","37,811","15,050","7,395","10,672","3,523","7,149"
ualad09:Southwark,"288,283","156,349","114,534","6,222",263,"35,330","17,778","5,677","3,687","3,003","5,411","27,192","5,819","1,623","3,912","8,074","7,764","77,511","47,413","17,974","12,124","9,453","2,440","7,013"
ualad09:Tower Hamlets,"254,096","114,819","79,231","3,863",175,"31,550","10,360","2,837","1,509","2,961","3,053","104,501","6,787","2,442","81,377","8,109","5,786","18,629","9,495","5,341","3,793","5,787","2,573","3,214"
ualad09:Wandsworth,"306,995","219,216","163,739","7,664",163,"47,650","15,241","4,642","2,034","3,887","4,678","33,338","8,642","9,718","1,493","3,715","9,770","32,756","14,818","12,297","5,641","6,444","2,350","4,094"
ualad09:Westminster,"219,396","135,330","77,334","4,960",76,"52,960","11,395","1,869","1,927","3,584","4,015","31,862","7,213","2,328","6,299","5,917","10,105","16,472","9,141","4,449","2,882","24,337","15,724","8,613"
ualad09:Barking and Dagenham,"185,911","108,386","91,949","1,730",182,"14,525","7,878","2,669","2,128","1,246","1,835","29,594","7,436","8,007","7,701","1,315","5,135","37,140","28,685","5,227","3,228","2,913",973,"1,940"
ualad09:Barnet,"356,386","228,553","162,117","8,685",151,"57,600","17,169","3,097","3,112","5,882","5,078","65,918","27,920","5,344","2,215","8,259","22,180","27,431","19,392","4,468","3,571","17,315","5,210","12,105"
ualad09:Bexley,"231,997","189,962","179,250","2,596",624,"7,492","5,395","1,676",983,"1,369","1,367","15,243","7,047",730,777,"2,514","4,175","19,624","15,952","2,381","1,291","1,773",303,"1,470"
ualad09:Brent,"311,215","112,880","55,887","12,320",320,"44,353","15,775","4,291","2,820","3,642","5,022","105,986","58,017","14,381","1,749","3,250","28,589","58,632","24,391","23,723","10,518","17,942","11,430","6,512"
ualad09:Bromley,"309,392","260,870","239,478","4,463",580,"16,349","10,897","3,897","1,335","3,016","2,649","16,067","6,215","1,014","1,265","2,768","4,805","18,686","9,819","6,609","2,258","2,872",870,"2,002"
ualad09:Croydon,"363,378","200,195","171,740","5,369",234,"22,852","23,895","9,650","3,279","5,140","5,826","59,627","24,660","10,865","2,570","3,925","17,607","73,256","28,981","31,320","12,955","6,405","1,701","4,704"
ualad09:Ealing,"338,449","165,818","103,035","10,428",300,"52,055","15,066","3,939","1,989","4,653","4,485","100,439","48,240","14,711","1,786","4,132","31,570","36,860","17,299","13,192","6,369","20,266","9,804","10,462"
ualad09:Enfield,"312,466","190,640","126,450","6,899",344,"56,947","17,183","4,852","2,384","4,189","5,758","34,893","11,648","2,594","5,599","2,588","12,464","53,687","28,222","17,334","8,131","16,063","1,930","14,133"
ualad09:Greenwich,"254,557","159,002","133,130","4,291",430,"21,151","12,274","4,011","2,699","2,361","3,203","29,894","7,836","2,594","1,645","5,061","12,758","48,655","35,164","8,051","5,440","4,732","1,069","3,663"
ualad09:Harrow,"239,056","100,991","73,826","7,336",181,"19,648","9,499","2,344","1,053","3,417","2,685","101,808","63,051","7,797","1,378","2,629","26,953","19,708","8,526","6,812","4,370","7,050","3,708","3,342"
ualad09:Havering,"237,232","207,949","197,615","2,989",160,"7,185","4,933","1,970",712,"1,154","1,097","11,545","5,017","1,492",975,"1,459","2,602","11,481","7,581","2,885","1,015","1,324",311,"1,013"
ualad09:Hillingdon,"273,936","166,031","142,916","5,949",344,"16,822","10,479","2,719","1,409","3,602","2,749","69,253","36,795","9,200","2,639","2,889","17,730","20,082","11,275","4,615","4,192","8,091","2,925","5,166"
ualad09:Hounslow,"253,957","130,505","96,264","4,775",183,"29,283","10,349","2,273","1,730","3,390","2,956","87,257","48,161","13,676","2,189","2,405","20,826","16,813","10,787","3,381","2,645","9,033","3,638","5,395"
ualad09:Kingston upon Thames,"160,060","119,219","101,015","2,718",95,"15,391","6,269","1,238",700,"2,500","1,831","26,152","6,325","3,009",892,"2,883","13,043","4,021","2,616","1,027",378,"4,399","2,439","1,960"
ualad09:Merton,"199,693","129,606","96,658","4,417",216,"28,315","9,334","2,579","1,279","2,829","2,647","36,143","8,106","7,337","2,216","2,618","15,866","20,811","10,442","8,126","2,243","3,799","1,413","2,386"
ualad09:Redbridge,"278,970","118,646","96,253","3,900",140,"18,353","11,456","3,204","1,692","3,251","3,309","116,503","45,660","31,051","16,011","3,000","20,781","24,845","12,357","9,064","3,424","7,520","1,551","5,969"
ualad09:Richmond upon Thames,"186,990","160,725","133,582","4,766",95,"22,282","6,780","1,250",731,"2,857","1,942","13,607","5,202","1,163",867,"1,753","4,622","2,816","1,643",840,333,"3,062","1,172","1,890"
ualad09:Sutton,"190,146","149,449","134,854","3,219",193,"11,183","7,134","2,298",838,"2,286","1,712","22,035","6,454","2,595","1,183","2,240","9,563","9,120","5,471","2,742",907,"2,408",976,"1,432"
ualad09:Waltham Forest,"258,249","134,799","92,999","3,959",369,"37,472","13,766","4,568","2,403","2,602","4,193","54,389","9,134","26,347","4,632","2,579","11,697","44,791","18,815","18,841","7,135","10,504","3,776","6,728"
ualad09:Bracknell Forest,"113,205","102,554","96,080",984,118,"5,372","2,303",656,297,808,542,"5,664","1,989",518,134,556,"2,467","2,189","1,586",402,201,495,201,294
ualad09:Brighton and Hove,"273,369","243,512","220,018","3,772",198,"19,524","10,408","2,182","2,019","3,351","2,856","11,278","2,996",649,"1,367","2,999","3,267","4,188","2,893",879,416,"3,983","2,184","1,799"
ualad09:Isle of Wight,"138,265","134,545","131,099",747,94,"2,605","1,709",507,123,738,341,"1,514",435,80,131,219,649,303,141,115,47,194,52,142
ualad09:Medway,"263,925","236,579","225,654","1,946",510,"8,469","5,176","1,730",735,"1,546","1,165","13,615","7,132","1,516","1,304","1,065","2,598","6,663","4,742","1,428",493,"1,892",517,"1,375"
ualad09:Milton Keynes,"248,821","199,094","183,934","2,498",72,"12,590","8,235","2,243","1,597","2,228","2,167","22,782","8,106","3,851","1,989","2,722","6,114","17,131","13,058","2,524","1,549","1,579",565,"1,014"
ualad09:Portsmouth,"205,056","181,182","172,313","1,071",85,"7,713","5,467","1,103",935,"2,381","1,048","12,474","2,911",539,"3,649","2,611","2,764","3,777","2,958",540,279,"2,156","1,078","1,078"
ualad09:Reading,"155,698","116,387","101,725","2,269",90,"12,303","6,180","2,718",802,"1,428","1,232","21,161","6,514","6,967",695,"1,603","5,382","10,470","6,087","3,279","1,104","1,500",680,820
ualad09:Slough,"140,205","64,053","48,401","1,607",220,"13,825","4,758","1,667",607,"1,429","1,055","55,697","21,922","24,869",549,797,"7,560","12,115","7,548","3,096","1,471","3,582",928,"2,654"
ualad09:Southampton,"236,882","203,528","183,980","1,746",341,"17,461","5,678","1,678",941,"1,796","1,263","19,892","6,742","3,019","1,401","3,449","5,281","5,067","3,508","1,132",427,"2,717","1,312","1,405"
ualad09:West Berkshire,"153,822","145,854","139,044","1,284",164,"5,362","2,420",776,262,831,551,"3,808","1,675",473,225,659,776,"1,376",701,514,161,364,139,225
ualad09:Windsor and Maidenhead,"144,560","124,505","112,081","2,055",219,"10,150","3,315",679,358,"1,399",879,"13,848","5,860","4,238",393,"1,071","2,286","1,725","1,039",473,213,"1,167",379,788
ualad09:Wokingham,"154,380","136,525","129,119","1,367",291,"5,748","3,182",890,337,"1,273",682,"11,438","5,331","2,865",222,"1,203","1,817","2,093","1,203",712,178,"1,142",500,642
ualad09:Aylesbury Vale,"174,137","156,079","148,360","1,573",134,"6,012","3,864","1,518",461,"1,077",808,"10,105","1,872","5,408",201,636,"1,988","3,323","1,676","1,302",345,766,339,427
ualad09:Chiltern,"92,635","84,749","79,579","1,118",121,"3,931","2,040",380,190,998,472,"5,046","1,799","1,772",120,442,913,524,258,213,53,276,58,218
ualad09:South Bucks,"66,867","56,365","51,541","1,133",256,"3,435","1,607",416,119,720,352,"7,533","4,758",965,171,527,"1,112",709,354,278,77,653,174,479
ualad09:Wycombe,"171,644","139,477","130,313","1,553",103,"7,508","4,849","2,259",328,"1,330",932,"20,585","2,939","13,091",597,949,"3,009","5,934","1,744","3,382",808,799,282,517
ualad09:Eastbourne,"99,412","93,508","86,903",978,66,"5,561","1,791",434,302,572,483,"2,795",671,107,287,621,"1,109",783,517,159,107,535,229,306
ualad09:Hastings,"90,254","84,631","80,624",702,150,"3,155","1,948",595,277,585,491,"2,126",487,78,276,366,919,"1,065",639,303,123,484,161,323
ualad09:Lewes,"97,502","94,159","90,218",757,97,"3,087","1,275",325,155,460,335,"1,400",360,64,153,316,507,416,248,123,45,252,97,155
ualad09:Rother,"90,588","87,951","85,279",596,134,"1,942","1,031",267,107,405,252,"1,103",276,16,109,217,485,305,181,76,48,198,72,126
ualad09:Wealden,"148,915","145,173","139,745",933,368,"4,127","1,428",326,182,562,358,"1,719",459,52,217,411,580,343,215,110,18,252,79,173
ualad09:Basingstoke and Deane,"167,799","155,888","148,078","1,324",163,"6,323","2,813","1,047",318,863,585,"6,715","2,437",389,330,"1,221","2,338","1,909","1,259",470,180,474,138,336
ualad09:East Hampshire,"115,608","111,635","107,568",656,267,"3,144","1,305",312,153,513,327,"1,859",481,31,165,316,866,517,396,81,40,292,141,151
ualad09:Eastleigh,"125,199","118,537","114,873",602,191,"2,871","1,740",391,254,652,443,"3,740","1,954",160,294,625,707,605,430,129,46,577,201,376
ualad09:Fareham,"111,581","107,959","105,663",475,85,"1,736","1,359",301,150,657,251,"1,667",663,77,125,467,335,357,215,109,33,239,106,133
ualad09:Gosport,"82,622","79,685","78,001",313,32,"1,339","1,066",272,142,426,226,"1,073",428,31,149,214,251,592,321,183,88,206,48,158
ualad09:Hart,"91,033","86,355","82,534",642,273,"2,906","1,457",311,152,685,309,"2,448",880,141,136,435,856,506,266,178,62,267,100,167
ualad09:Havant,"120,684","117,162","114,919",532,64,"1,647","1,514",404,215,588,307,"1,427",504,72,155,313,383,388,252,55,81,193,73,120
ualad09:New Forest,"176,462","172,160","167,445",829,423,"3,463","1,620",439,188,603,390,"1,665",472,34,195,338,626,612,328,141,143,405,72,333
ualad09:Rushmoor,"93,807","79,520","75,511",718,155,"3,136","2,057",624,342,644,447,"9,755","1,310",635,206,497,"7,107","1,868","1,115",538,215,607,134,473
ualad09:Test Valley,"116,398","111,645","107,743",537,153,"3,212","1,494",378,246,565,305,"2,368",937,141,166,434,690,487,258,149,80,404,139,265
ualad09:Winchester,"116,595","111,577","107,070",733,263,"3,511","1,626",321,180,684,441,"2,639",665,92,222,745,915,457,250,147,60,296,110,186
ualad09:Ashford,"117,956","110,520","105,498",753,531,"3,738","1,682",544,235,507,396,"3,991",958,161,185,431,"2,256","1,375",948,327,100,388,87,301
ualad09:Canterbury,"151,145","140,620","132,269","1,260",374,"6,717","2,551",680,305,897,669,"5,135","1,448",306,251,"1,436","1,694","1,937","1,338",437,162,902,405,497
ualad09:Dartford,"97,365","85,070","80,466",767,244,"3,593","2,161",620,346,693,502,"5,799","2,670",179,431,538,"1,981","3,578","2,814",497,267,757,179,578
ualad09:Dover,"111,674","107,966","103,848",572,234,"3,312","1,029",281,133,360,255,"2,031",397,40,151,274,"1,169",386,265,85,36,262,65,197
ualad09:Gravesham,"101,720","84,226","78,422",791,320,"4,693","2,066",564,359,627,516,"10,604","7,538",550,477,326,"1,713","2,885","2,226",456,203,"1,939",94,"1,845"
ualad09:Maidstone,"155,143","145,996","138,235",955,838,"5,968","2,345",625,319,841,560,"4,943","1,226",340,381,461,"2,535","1,380",867,356,157,479,140,339
ualad09:Sevenoaks,"114,893","110,029","104,538",950,391,"4,150","1,675",424,176,682,393,"2,085",712,106,146,500,621,853,569,204,80,251,84,167
ualad09:Shepway,"107,969","102,215","98,029",745,164,"3,277","1,267",387,149,420,311,"3,699",413,93,226,281,"2,686",458,277,130,51,330,64,266
ualad09:Swale,"135,835","131,155","126,130",780,730,"3,515","1,575",533,225,441,376,"1,489",545,107,206,233,398,"1,395",993,277,125,221,47,174
ualad09:Thanet,"134,186","128,194","121,346","1,026",187,"5,635","2,186",720,329,598,539,"2,504",738,184,178,450,954,910,585,239,86,392,118,274
ualad09:Tonbridge and Malling,"120,805","115,872","111,662",760,350,"3,100","1,677",474,199,667,337,"2,431",755,165,236,496,779,421,222,143,56,404,130,274
ualad09:Tunbridge Wells,"115,049","109,239","103,115",880,322,"4,922","1,893",414,222,787,470,"2,903",736,175,513,552,927,638,419,142,77,376,122,254
ualad09:Cherwell,"141,868","130,761","122,491","1,104",105,"7,061","2,560",835,370,729,626,"6,039","1,681","2,382",184,657,"1,135","1,961","1,040",600,321,547,145,402
ualad09:Oxford,"151,906","117,957","96,633","2,431",92,"18,801","6,035","1,721",703,"2,008","1,603","18,827","4,449","4,825","1,791","3,559","4,203","7,028","4,456","1,874",698,"2,059",922,"1,137"
ualad09:South Oxfordshire,"134,257","128,993","122,083","1,092",135,"5,683","1,801",506,168,690,437,"2,405",814,194,179,443,775,768,445,241,82,290,89,201
ualad09:Vale of White Horse,"120,988","114,824","108,599",956,109,"5,160","1,574",377,180,621,396,"2,962",842,350,185,649,936,"1,230",828,246,156,398,149,249
ualad09:West Oxfordshire,"104,779","101,469","96,995",708,182,"3,584","1,263",320,136,473,334,"1,424",354,95,152,310,513,437,270,109,58,186,53,133
ualad09:Elmbridge,"130,875","118,123","104,508","2,072",153,"11,390","3,411",521,347,"1,550",993,"7,075","2,489",555,504,"1,143","2,384","1,010",620,272,118,"1,256",597,659
ualad09:Epsom and Ewell,"75,102","64,502","59,049","1,142",132,"4,179","1,922",406,223,758,535,"6,484","1,828",667,325,922,"2,742","1,128",679,304,145,"1,066",538,528
ualad09:Guildford,"137,183","124,707","114,510","1,193",491,"8,513","2,501",432,288,"1,077",704,"6,616","1,661",487,320,"1,884","2,264","1,656","1,162",336,158,"1,703",923,780
ualad09:Mole Valley,"85,375","81,168","76,907",798,128,"3,335","1,257",276,117,518,346,"2,177",707,152,206,358,754,399,207,131,61,374,148,226
ualad09:Reigate and Banstead,"137,835","124,879","117,092","1,554",179,"6,054","3,037",736,409,"1,111",781,"6,992","2,192","1,189",532,914,"2,165","2,166","1,312",603,251,761,266,495
ualad09:Runnymede,"80,510","71,633","64,397","1,073",220,"5,943","1,671",348,217,638,468,"5,561","2,022",378,235,"1,173","1,753",862,584,195,83,783,365,418
ualad09:Spelthorne,"95,598","83,455","77,411","1,366",192,"4,486","2,382",575,316,905,586,"7,295","4,013",656,259,621,"1,746","1,545",971,419,155,921,322,599
ualad09:Surrey Heath,"86,144","77,692","73,179",828,162,"3,523","1,626",370,171,696,389,"5,389","1,713",667,298,535,"2,176",861,528,253,80,576,184,392
ualad09:Tandridge,"82,998","77,880","74,095",865,286,"2,634","1,789",513,181,683,412,"2,164",746,139,102,418,759,882,400,373,109,283,47,236
ualad09:Waverley,"121,572","116,717","110,190","1,032",167,"5,328","1,623",332,168,746,377,"2,283",533,246,169,623,712,538,353,147,38,411,162,249
ualad09:Woking,"99,198","82,926","74,335","1,089",151,"7,351","2,335",411,299,975,650,"11,462","2,328","5,682",450,870,"2,132","1,383","1,012",270,101,"1,092",549,543
ualad09:Adur,"61,182","58,663","56,843",426,121,"1,273",886,206,193,305,182,"1,058",234,55,269,242,258,313,241,60,12,262,170,92
ualad09:Arun,"149,518","145,118","137,024",889,162,"7,043","1,502",426,221,532,323,"2,116",498,107,367,412,732,538,313,160,65,244,72,172
ualad09:Chichester,"113,794","110,322","105,841",743,238,"3,500","1,092",269,158,361,304,"1,617",470,36,131,339,641,518,319,129,70,245,102,143
ualad09:Crawley,"106,597","85,180","76,888",967,77,"7,248","3,098",806,615,883,794,"13,825","5,530","4,548",427,496,"2,824","3,469","2,164",465,840,"1,025",424,601
ualad09:Horsham,"131,301","126,062","121,020",904,234,"3,904","1,774",364,260,725,425,"2,585",734,165,209,472,"1,005",651,440,155,56,229,75,154
ualad09:Mid Sussex,"139,860","133,018","126,341","1,235",142,"5,300","1,967",378,277,805,507,"3,761","1,410",154,399,525,"1,273",788,487,201,100,326,87,239
ualad09:Worthing,"104,640","98,136","93,594",815,99,"3,628","1,836",437,337,658,404,"3,372",783,171,544,474,"1,400",869,605,169,95,427,151,276
ualad09:Bath and North East Somerset,"176,016","166,473","158,640","1,146",58,"6,629","2,898",951,292,954,701,"4,577","1,116",170,219,"1,912","1,160","1,326",499,672,155,742,375,367
ualad09:Bournemouth,"183,491","168,797","153,752","1,355",218,"13,472","4,191","1,043",601,"1,396","1,151","7,066","1,940",213,408,"1,840","2,665","1,764","1,208",380,176,"1,673",693,980
"ualad09:Bristol, City of","428,234","359,592","333,432","3,851",359,"21,950","15,438","7,389","1,533","3,402","3,114","23,655","6,547","6,863","2,104","3,886","4,255","25,734","12,085","6,727","6,922","3,815","1,272","2,543"
ualad09:Cornwall,"532,273","522,848","509,628","2,046",635,"10,539","4,400","1,248",490,"1,553","1,109","3,434",837,107,280,"1,004","1,206",762,292,368,102,829,189,640
ualad09:Isles of Scilly,"2,203","2,177","2,087",10,0,80,18,3,3,9,3,2,0,0,0,0,2,2,1,1,0,4,0,4
ualad09:North Somerset,"202,566","197,076","190,553","1,113",176,"5,234","2,033",681,256,698,398,"2,436",817,111,299,619,590,632,383,188,61,389,127,262
ualad09:Plymouth,"256,384","246,509","238,263","1,105",153,"6,988","3,287",904,523,"1,028",832,"3,906",875,202,359,"1,251","1,219","1,678","1,106",343,229,"1,004",399,605
ualad09:Poole,"147,645","141,523","135,698",756,214,"4,855","1,916",491,246,680,499,"3,276","1,098",96,382,698,"1,002",520,329,119,72,410,127,283
ualad09:South Gloucestershire,"262,767","249,574","241,611","1,223",271,"6,469","3,667","1,516",396,"1,016",739,"6,440","2,699",698,238,"1,312","1,493","2,218",987,980,251,868,366,502
ualad09:Swindon,"209,156","187,898","177,028","1,852",180,"8,838","4,226","1,506",568,"1,163",989,"13,365","6,901","1,292",936,954,"3,282","2,861","1,718",807,336,806,188,618
ualad09:Torbay,"130,959","127,699","124,162",657,37,"2,843","1,420",440,195,443,342,"1,353",403,79,99,261,511,251,140,73,38,236,100,136
ualad09:Wiltshire,"470,981","454,971","439,725","2,381",757,"12,108","5,568","1,968",656,"1,667","1,277","6,178","1,547",215,595,"1,210","2,611","3,228","1,418","1,151",659,"1,036",288,748
ualad09:East Devon,"132,457","130,347","127,442",593,90,"2,222",904,238,89,358,219,930,220,6,71,210,423,146,68,61,17,130,35,95
ualad09:Exeter,"117,773","109,590","104,013",629,93,"4,855","1,938",403,278,773,484,"4,595",946,164,227,"1,998","1,260",667,492,128,47,983,659,324
ualad09:Mid Devon,"77,750","76,696","74,554",278,88,"1,776",484,132,69,169,114,428,116,7,18,167,120,94,64,17,13,48,4,44
ualad09:North Devon,"93,667","91,742","89,832",316,45,"1,549",785,294,75,287,129,835,215,67,78,152,323,158,63,70,25,147,61,86
ualad09:South Hams,"83,140","81,784","79,681",371,45,"1,687",653,161,75,264,153,458,115,12,64,102,165,121,73,36,12,124,70,54
ualad09:Teignbridge,"124,220","122,163","119,480",499,118,"2,066",925,255,92,323,255,893,165,17,78,347,286,117,48,52,17,122,26,96
ualad09:Torridge,"63,839","63,021","61,985",211,54,771,429,141,53,125,110,271,39,3,17,126,86,51,11,34,6,67,31,36
ualad09:West Devon,"53,553","52,730","51,603",233,21,873,402,126,56,130,90,300,57,4,17,93,129,59,26,23,10,62,27,35
ualad09:Christchurch,"47,752","46,591","45,414",299,48,830,505,110,69,195,131,495,97,5,44,179,170,83,50,27,6,78,15,63
ualad09:East Dorset,"87,166","85,645","83,876",371,171,"1,227",594,163,67,229,135,737,157,43,198,167,172,106,61,29,16,84,26,58
ualad09:North Dorset,"68,583","66,977","64,936",279,95,"1,667",552,136,78,216,122,796,111,11,76,128,470,197,108,65,24,61,14,47
ualad09:Purbeck,"44,973","44,340","43,253",228,89,770,326,96,47,112,71,231,33,12,27,54,105,48,35,6,7,28,6,22
ualad09:West Dorset,"99,264","97,284","95,011",500,104,"1,669",770,200,100,275,195,934,242,59,87,242,304,169,111,43,15,107,40,67
ualad09:Weymouth and Portland,"65,167","63,480","61,860",298,48,"1,274",653,247,70,185,151,640,97,21,93,173,256,321,153,125,43,73,15,58
ualad09:Cheltenham,"115,732","109,084","102,140","1,058",68,"5,818","1,878",493,256,661,468,"3,675","1,584",179,315,760,837,721,527,124,70,374,172,202
ualad09:Cotswold,"82,881","81,075","78,284",503,87,"2,201",698,167,86,274,171,794,218,16,38,223,299,229,136,47,46,85,4,81
ualad09:Forest of Dean,"81,961","80,699","79,227",277,78,"1,117",528,170,82,181,95,473,159,25,1,129,159,199,99,58,42,62,5,57
ualad09:Gloucester,"121,688","108,462","102,912",850,136,"4,564","3,565","2,139",316,551,559,"5,839","3,204",639,490,448,"1,058","3,486","1,100","1,880",506,336,119,217
ualad09:Stroud,"112,779","110,426","107,026",591,57,"2,752","1,216",364,129,428,295,751,177,28,53,193,300,260,96,125,39,126,33,93
ualad09:Tewkesbury,"81,943","79,901","77,010",480,305,"2,106",776,294,54,258,170,901,387,55,63,158,238,255,132,79,44,110,31,79
ualad09:Mendip,"109,279","107,057","102,987",596,246,"3,228",996,266,144,354,232,929,227,21,69,256,356,210,124,57,29,87,25,62
ualad09:Sedgemoor,"114,588","112,724","109,199",459,132,"2,934",869,285,105,278,201,735,144,34,150,139,268,140,76,54,10,120,34,86
ualad09:South Somerset,"161,243","158,130","153,123",550,148,"4,309","1,158",305,191,382,280,"1,409",342,87,90,378,512,357,207,111,39,189,44,145
ualad09:Taunton Deane,"110,187","107,116","103,020",499,193,"3,404","1,010",266,183,322,239,"1,608",324,59,108,448,669,286,190,62,34,167,63,104
ualad09:West Somerset,"34,675","34,228","33,229",153,14,832,208,78,27,71,32,192,32,2,25,26,107,20,10,7,3,27,9,18
ualad09:Anglesey,"69,751","68,520","67,349",476,65,630,480,180,41,180,79,491,135,33,53,153,117,81,50,25,6,179,134,45
ualad09:Gwynedd,"121,874","117,573","115,072",570,153,"1,778",964,287,126,332,219,"2,170",461,220,176,905,408,289,195,70,24,878,700,178
ualad09:Conwy,"115,228","112,549","109,911",840,65,"1,733",894,294,124,275,201,"1,252",317,101,134,376,324,199,114,54,31,334,200,134
ualad09:Denbighshire,"93,734","91,254","89,581",533,34,"1,106",751,251,80,269,151,"1,430",240,157,111,346,576,161,104,35,22,138,39,99
ualad09:Flintshire,"152,506","150,161","146,185",693,95,"3,188",851,267,121,258,205,"1,201",296,87,223,323,272,142,88,42,12,151,50,101
ualad09:Wrexham,"134,844","130,647","125,477",492,104,"4,574","1,010",264,180,326,240,"2,321",857,181,206,426,651,625,526,57,42,241,96,145
ualad09:Powys,"132,976","130,827","127,773",502,128,"2,424",760,208,82,294,176,"1,142",145,9,67,171,750,132,42,70,20,115,23,92
ualad09:Ceredigion,"75,922","73,443","70,717",478,74,"2,174",736,198,75,251,212,"1,099",367,81,91,322,238,266,164,86,16,378,197,181
ualad09:Pembrokeshire,"122,439","120,121","117,092",834,454,"1,741",733,234,78,261,160,"1,192",341,69,103,205,474,179,94,44,41,214,61,153
ualad09:Carmarthenshire,"183,777","180,323","175,591",754,335,"3,643","1,033",326,118,364,225,"1,837",563,159,117,298,700,279,115,115,49,305,132,173
ualad09:Swansea,"239,023","224,697","218,655","1,101",85,"4,856","2,160",548,280,781,551,"7,803","1,477",591,"1,944","2,052","1,739","1,983","1,707",172,104,"2,380","1,694",686
ualad09:Neath Port Talbot,"139,812","137,087","135,450",474,125,"1,038",910,384,75,262,189,"1,369",280,125,311,280,373,299,97,175,27,147,53,94
ualad09:Bridgend,"139,178","136,090","133,656",474,63,"1,897",998,338,120,264,276,"1,549",337,122,114,356,620,315,152,121,42,226,75,151
ualad09:The Vale of Glamorgan,"126,336","121,838","119,212",639,21,"1,966","1,695",629,247,431,388,"1,967",566,216,121,454,610,489,165,252,72,347,174,173
ualad09:Cardiff,"346,090","293,114","277,798","2,547",521,"12,248","10,031","3,641","1,742","2,459","2,189","27,885","7,886","6,354","4,838","4,168","4,639","8,201","5,213","1,322","1,666","6,859","4,707","2,152"
"ualad09:Rhondda, Cynon, Taff","234,410","228,241","225,716",582,53,"1,890","1,506",550,192,420,344,"3,030",656,267,106,"1,065",936,"1,308","1,140",99,69,325,160,165
ualad09:Merthyr Tydfil,"58,802","57,391","55,635",122,62,"1,572",462,154,46,151,111,696,168,50,45,120,313,143,118,10,15,110,32,78
ualad09:Caerphilly,"178,806","175,845","173,899",402,31,"1,513","1,174",454,147,296,277,"1,346",327,123,32,495,369,242,121,112,9,199,67,132
ualad09:Blaenau Gwent,"69,814","68,750","67,954",102,72,622,394,163,36,106,89,485,202,39,26,122,96,95,56,33,6,90,12,78
ualad09:Torfaen,"91,075","89,231","88,209",307,155,560,603,237,103,138,125,977,172,64,80,208,453,169,47,88,34,95,14,81
ualad09:Monmouthshire,"91,323","89,526","87,762",395,6,"1,363",624,174,51,232,167,900,245,54,40,193,368,144,80,45,19,129,69,60
ualad09:Newport,"145,736","131,025","126,756",769,84,"3,416","2,752","1,318",360,669,405,"7,986","1,218","3,127","1,749",600,"1,292","2,535","1,499",782,254,"1,438",926,512
